# Blender 4.1.1
# www.blender.org
mtllib ZombieMine.mtl
o 2nd_Layer_(Body)
v 0.238888 0.474446 -0.162598
v 0.238888 0.474446 0.095594
v -0.016747 0.474446 0.095594
v -0.016747 0.474446 -0.162598
v 0.238889 1.233834 -0.162597
v 0.238888 1.233834 0.095595
v -0.016747 1.233834 0.095594
v -0.016747 1.233834 -0.162598
v 0.238889 0.854140 -0.162597
v 0.238888 0.854140 0.095594
v -0.016747 0.854140 0.095594
v -0.016747 0.854140 -0.162598
v 0.238888 0.790858 -0.162597
v 0.238888 0.790857 0.095594
v -0.016747 0.790858 0.095594
v -0.016747 0.790857 -0.162598
v 0.238889 0.917422 -0.162597
v 0.238888 0.917422 0.095595
v -0.016747 0.917422 0.095594
v -0.016747 0.917422 -0.162598
v -0.009253 0.474446 -0.162597
v -0.009253 0.474446 0.095594
v -0.264889 0.474446 0.095594
v -0.264888 0.474446 -0.162598
v -0.009253 1.233834 -0.162597
v -0.009253 1.233834 0.095595
v -0.264889 1.233834 0.095594
v -0.264889 1.233834 -0.162597
v -0.009253 0.854140 -0.162597
v -0.009253 0.854140 0.095595
v -0.264889 0.854140 0.095594
v -0.264888 0.854140 -0.162598
v -0.009253 0.790858 -0.162597
v -0.009253 0.790858 0.095594
v -0.264889 0.790858 0.095594
v -0.264888 0.790857 -0.162598
v -0.009253 0.917422 -0.162597
v -0.009253 0.917422 0.095595
v -0.264889 0.917422 0.095594
v -0.264889 0.917422 -0.162598
v -0.257432 1.232518 -0.157581
v -0.257432 1.232518 0.100534
v -0.512993 1.232518 0.100534
v -0.512992 1.232518 -0.157582
v -0.257432 1.991906 -0.157581
v -0.257433 1.991906 0.100535
v -0.512993 1.991906 0.100534
v -0.512993 1.991906 -0.157581
v -0.257432 1.612212 -0.157581
v -0.257432 1.612212 0.100535
v -0.512993 1.612212 0.100534
v -0.512992 1.612212 -0.157582
v -0.257432 1.548930 -0.157581
v -0.257432 1.548930 0.100535
v -0.512993 1.548930 0.100534
v -0.512992 1.548930 -0.157582
v -0.257432 1.675495 -0.157581
v -0.257433 1.675495 0.100535
v -0.512993 1.675495 0.100534
v -0.512993 1.675495 -0.157582
v 0.485777 1.232518 -0.157165
v 0.485777 1.232518 0.098495
v 0.232647 1.232518 0.098495
v 0.232648 1.232518 -0.157166
v 0.485777 1.991906 -0.157165
v 0.485777 1.991906 0.098496
v 0.232648 1.991906 0.098495
v 0.232648 1.991906 -0.157165
v 0.485777 1.612212 -0.157165
v 0.485777 1.612212 0.098495
v 0.232647 1.612212 0.098495
v 0.232648 1.612212 -0.157165
v 0.485777 1.548930 -0.157165
v 0.485777 1.548930 0.098495
v 0.232648 1.548930 0.098495
v 0.232648 1.548930 -0.157165
v 0.485777 1.675495 -0.157165
v 0.485777 1.675495 0.098496
v 0.232648 1.675495 0.098495
v 0.232648 1.675495 -0.157165
v 0.237623 1.232518 -0.157565
v 0.237623 1.232518 0.095565
v -0.263623 1.232518 0.095565
v -0.263623 1.232518 -0.157565
v 0.237623 1.991906 -0.157564
v 0.237623 1.991906 0.095565
v -0.263623 1.991906 0.095564
v -0.263623 1.991906 -0.157565
v 0.237623 1.612212 -0.157564
v 0.237623 1.612212 0.095565
v -0.263623 1.612212 0.095564
v -0.263623 1.612212 -0.157565
v 0.237623 1.548930 -0.157564
v 0.237623 1.548930 0.095565
v -0.263623 1.548930 0.095564
v -0.263623 1.548930 -0.157565
v 0.237623 1.675495 -0.157564
v 0.237623 1.675495 0.095565
v -0.263623 1.675495 0.095564
v -0.263623 1.675495 -0.157565
v 0.237623 1.833701 -0.157564
v 0.237623 1.833701 0.095565
v -0.263623 1.833701 0.095564
v -0.263623 1.833701 -0.157565
v 0.237623 1.390724 -0.157565
v 0.237623 1.390724 0.095565
v -0.263623 1.390724 0.095564
v -0.263623 1.390724 -0.157565
v -0.385212 1.612212 -0.157581
v -0.257432 1.580571 -0.157581
v -0.512992 1.580571 -0.157582
v -0.385212 1.548930 -0.157582
v -0.257432 1.643854 -0.157581
v -0.512993 1.643854 -0.157582
v -0.385212 1.675495 -0.157581
v 0.359212 1.612212 -0.157165
v 0.485777 1.580571 -0.157165
v 0.232648 1.580571 -0.157165
v 0.359212 1.548930 -0.157165
v 0.485777 1.643854 -0.157165
v 0.232648 1.643854 -0.157165
v 0.359212 1.675495 -0.157165
v -0.385212 1.643854 -0.157581
v -0.385212 1.580571 -0.157581
v 0.359212 1.643854 -0.157165
v 0.359212 1.580571 -0.157165
v -0.449102 1.612212 -0.157582
v -0.257432 1.596392 -0.157581
v -0.512992 1.596392 -0.157582
v -0.449102 1.548930 -0.157582
v -0.257432 1.628033 -0.157581
v -0.512992 1.628033 -0.157582
v -0.449102 1.675495 -0.157581
v 0.295930 1.612212 -0.157165
v 0.485777 1.596392 -0.157165
v 0.232648 1.596392 -0.157165
v 0.295930 1.548930 -0.157165
v 0.485777 1.628033 -0.157165
v 0.232648 1.628033 -0.157165
v 0.295930 1.675495 -0.157165
v -0.321322 1.612212 -0.157581
v -0.257432 1.564751 -0.157581
v -0.512992 1.564751 -0.157582
v -0.321322 1.548930 -0.157581
v -0.257432 1.659674 -0.157581
v -0.512992 1.659674 -0.157582
v -0.321322 1.675495 -0.157581
v 0.422495 1.612212 -0.157165
v 0.485777 1.564751 -0.157165
v 0.232648 1.564751 -0.157165
v 0.422495 1.548930 -0.157165
v 0.485777 1.659674 -0.157165
v 0.232648 1.659674 -0.157165
v 0.422495 1.675495 -0.157165
v -0.449102 1.643854 -0.157582
v -0.321322 1.643854 -0.157581
v -0.385212 1.659674 -0.157581
v -0.385212 1.628033 -0.157581
v -0.449102 1.580571 -0.157582
v -0.321322 1.580571 -0.157581
v -0.385212 1.596392 -0.157581
v -0.385212 1.564751 -0.157581
v 0.295930 1.643854 -0.157165
v 0.422495 1.643854 -0.157165
v 0.359212 1.659674 -0.157165
v 0.359212 1.628033 -0.157165
v 0.295930 1.580571 -0.157165
v 0.422495 1.580571 -0.157165
v 0.359212 1.596392 -0.157165
v 0.359212 1.564751 -0.157165
v -0.449102 1.628033 -0.157582
v -0.449102 1.564751 -0.157582
v 0.295930 1.628033 -0.157165
v 0.295930 1.564751 -0.157165
v -0.449102 1.659674 -0.157581
v -0.321322 1.659674 -0.157581
v -0.321322 1.628033 -0.157581
v -0.449102 1.596392 -0.157582
v -0.321322 1.596392 -0.157581
v -0.321322 1.564751 -0.157581
v 0.295930 1.659674 -0.157165
v 0.422495 1.659674 -0.157165
v 0.422495 1.628033 -0.157165
v 0.295930 1.596392 -0.157165
v 0.422495 1.596392 -0.157165
v 0.422495 1.564751 -0.157165
v 0.111071 0.854140 0.095594
v 0.238888 0.822499 0.095594
v -0.016747 0.822499 0.095594
v 0.111071 0.790857 0.095594
v 0.238888 0.885781 0.095594
v -0.016747 0.885781 0.095594
v 0.111071 0.917422 0.095594
v -0.137071 0.854140 0.095594
v -0.009253 0.822499 0.095594
v -0.264889 0.822499 0.095594
v -0.137071 0.790857 0.095594
v -0.009253 0.885781 0.095595
v -0.264889 0.885781 0.095594
v -0.137071 0.917422 0.095594
v 0.111071 0.822499 0.095594
v 0.111071 0.885781 0.095594
v -0.137071 0.822499 0.095594
v -0.137071 0.885781 0.095594
v 0.047162 0.854140 0.095594
v 0.238888 0.838319 0.095594
v -0.016747 0.838319 0.095594
v 0.047162 0.790857 0.095594
v 0.238888 0.869961 0.095594
v -0.016747 0.869961 0.095594
v 0.047162 0.917422 0.095594
v -0.200980 0.854140 0.095594
v -0.009253 0.838319 0.095595
v -0.264889 0.838319 0.095594
v -0.200980 0.790857 0.095594
v -0.009253 0.869961 0.095595
v -0.264889 0.869961 0.095594
v -0.200980 0.917422 0.095594
v 0.174980 0.854140 0.095594
v 0.238888 0.806678 0.095594
v -0.016747 0.806678 0.095594
v 0.174980 0.790858 0.095594
v 0.238888 0.901602 0.095595
v -0.016747 0.901602 0.095594
v 0.174979 0.917422 0.095594
v -0.073162 0.854140 0.095594
v -0.009253 0.806678 0.095594
v -0.264889 0.806678 0.095594
v -0.073162 0.790858 0.095594
v -0.009253 0.901602 0.095595
v -0.264889 0.901602 0.095594
v -0.073162 0.917422 0.095595
v 0.047162 0.822499 0.095594
v 0.174979 0.822499 0.095594
v 0.111071 0.806678 0.095594
v 0.111071 0.838319 0.095594
v 0.047162 0.885781 0.095594
v 0.174980 0.885781 0.095594
v 0.111071 0.869961 0.095594
v 0.111071 0.901602 0.095594
v -0.200980 0.822499 0.095594
v -0.073162 0.822499 0.095594
v -0.137071 0.806678 0.095594
v -0.137071 0.838319 0.095594
v -0.200980 0.885781 0.095594
v -0.073162 0.885781 0.095594
v -0.137071 0.869961 0.095594
v -0.137071 0.901602 0.095594
v 0.047162 0.838319 0.095594
v 0.047162 0.901602 0.095594
v -0.200980 0.838319 0.095594
v -0.200980 0.901602 0.095594
v 0.047162 0.806678 0.095594
v 0.174980 0.806678 0.095594
v 0.174979 0.838319 0.095594
v 0.047162 0.869961 0.095594
v 0.174979 0.869961 0.095594
v 0.174979 0.901602 0.095594
v -0.200980 0.806678 0.095594
v -0.073162 0.806678 0.095594
v -0.073162 0.838319 0.095594
v -0.200980 0.869961 0.095594
v -0.073162 0.869961 0.095594
v -0.073162 0.901602 0.095595
v 0.237623 1.643854 -0.157564
v 0.237623 1.643854 0.095565
v -0.263623 1.643854 0.095564
v -0.263623 1.643854 -0.157565
v 0.237623 1.580571 -0.157564
v 0.237623 1.580571 0.095565
v -0.263623 1.580571 0.095564
v -0.263623 1.580571 -0.157565
v 0.237623 1.794149 -0.157564
v 0.237623 1.754598 -0.157564
v 0.237623 1.715046 -0.157564
v 0.237623 1.794149 0.095565
v 0.237623 1.754598 0.095565
v 0.237623 1.715046 0.095565
v -0.263623 1.794149 0.095564
v -0.263623 1.754598 0.095564
v -0.263623 1.715046 0.095564
v -0.263623 1.794149 -0.157565
v -0.263623 1.754598 -0.157565
v -0.263623 1.715046 -0.157565
v 0.237623 1.430276 -0.157565
v 0.237623 1.469827 -0.157565
v 0.237623 1.509379 -0.157565
v 0.237623 1.430276 0.095565
v 0.237623 1.469827 0.095565
v 0.237623 1.509379 0.095565
v -0.263623 1.430276 0.095564
v -0.263623 1.469827 0.095564
v -0.263623 1.509379 0.095564
v -0.263623 1.430276 -0.157565
v -0.263623 1.469827 -0.157565
v -0.263623 1.509379 -0.157565
v 0.237623 1.886436 -0.157564
v 0.237623 1.939171 -0.157564
v 0.237623 1.886436 0.095565
v 0.237623 1.939171 0.095565
v -0.263623 1.886436 0.095564
v -0.263623 1.939171 0.095564
v -0.263623 1.886436 -0.157565
v -0.263623 1.939171 -0.157565
v 0.237623 1.337989 -0.157565
v 0.237623 1.285254 -0.157565
v 0.237623 1.337989 0.095565
v 0.237623 1.285254 0.095565
v -0.263623 1.337989 0.095564
v -0.263623 1.285254 0.095565
v -0.263623 1.337989 -0.157565
v -0.263623 1.285254 -0.157565
v 0.181929 1.232518 -0.157565
v 0.126235 1.232518 -0.157565
v 0.070541 1.232518 -0.157565
v 0.014847 1.232518 -0.157565
v -0.040847 1.232518 -0.157565
v -0.096541 1.232518 -0.157565
v -0.152235 1.232518 -0.157565
v -0.207929 1.232518 -0.157565
v 0.181929 1.232518 0.095565
v 0.126235 1.232518 0.095565
v 0.070541 1.232518 0.095565
v 0.014847 1.232518 0.095565
v -0.040847 1.232518 0.095565
v -0.096541 1.232518 0.095565
v -0.152235 1.232518 0.095565
v -0.207929 1.232518 0.095565
v 0.181929 1.991906 -0.157564
v 0.126235 1.991906 -0.157564
v 0.070541 1.991906 -0.157564
v 0.014847 1.991906 -0.157564
v -0.040847 1.991906 -0.157564
v -0.096541 1.991906 -0.157564
v -0.152235 1.991906 -0.157565
v -0.207929 1.991906 -0.157565
v 0.181929 1.991906 0.095565
v 0.126235 1.991906 0.095565
v 0.070541 1.991906 0.095565
v 0.014847 1.991906 0.095565
v -0.040847 1.991906 0.095565
v -0.096541 1.991906 0.095565
v -0.152235 1.991906 0.095565
v -0.207929 1.991906 0.095564
v 0.181929 1.612212 0.095565
v 0.126235 1.612212 0.095565
v 0.070541 1.612212 0.095565
v 0.014847 1.612212 0.095565
v -0.040847 1.612212 0.095565
v -0.096541 1.612212 0.095565
v -0.152235 1.612212 0.095565
v -0.207929 1.612212 0.095564
v 0.181929 1.612212 -0.157564
v 0.126235 1.612212 -0.157564
v 0.070541 1.612212 -0.157565
v 0.014847 1.612212 -0.157565
v -0.040847 1.612212 -0.157565
v -0.096541 1.612212 -0.157565
v -0.152235 1.612212 -0.157565
v -0.207929 1.612212 -0.157565
v 0.181929 1.548930 -0.157565
v 0.126235 1.548930 -0.157565
v 0.070541 1.548930 -0.157565
v 0.014847 1.548930 -0.157565
v -0.040847 1.548930 -0.157565
v -0.096541 1.548930 -0.157565
v -0.152235 1.548930 -0.157565
v -0.207929 1.548930 -0.157565
v 0.181929 1.548930 0.095565
v 0.126235 1.548930 0.095565
v 0.070541 1.548930 0.095565
v 0.014847 1.548930 0.095565
v -0.040847 1.548930 0.095565
v -0.096541 1.548930 0.095565
v -0.152235 1.548930 0.095565
v -0.207929 1.548930 0.095565
v 0.181929 1.675495 0.095565
v 0.126235 1.675495 0.095565
v 0.070541 1.675495 0.095565
v 0.014847 1.675495 0.095565
v -0.040847 1.675495 0.095565
v -0.096541 1.675495 0.095565
v -0.152235 1.675495 0.095565
v -0.207929 1.675495 0.095564
v 0.181929 1.675495 -0.157564
v 0.126235 1.675495 -0.157564
v 0.070541 1.675495 -0.157564
v 0.014847 1.675495 -0.157564
v -0.040847 1.675495 -0.157565
v -0.096541 1.675495 -0.157565
v -0.152235 1.675495 -0.157565
v -0.207929 1.675495 -0.157565
v 0.181929 1.833701 0.095565
v 0.126235 1.833701 0.095565
v 0.070541 1.833701 0.095565
v 0.014847 1.833701 0.095565
v -0.040847 1.833701 0.095565
v -0.096541 1.833701 0.095565
v -0.152235 1.833701 0.095565
v -0.207929 1.833701 0.095564
v 0.181929 1.833701 -0.157564
v 0.126235 1.833701 -0.157564
v 0.070541 1.833701 -0.157564
v 0.014847 1.833701 -0.157564
v -0.040847 1.833701 -0.157564
v -0.096541 1.833701 -0.157565
v -0.152235 1.833701 -0.157565
v -0.207929 1.833701 -0.157565
v 0.181929 1.390724 -0.157565
v 0.126235 1.390724 -0.157565
v 0.070541 1.390724 -0.157565
v 0.014847 1.390724 -0.157565
v -0.040847 1.390724 -0.157565
v -0.096541 1.390724 -0.157565
v -0.152235 1.390724 -0.157565
v -0.207929 1.390724 -0.157565
v 0.181929 1.390724 0.095565
v 0.126235 1.390724 0.095565
v 0.070541 1.390724 0.095565
v 0.014847 1.390724 0.095565
v -0.040847 1.390724 0.095565
v -0.096541 1.390724 0.095565
v -0.152235 1.390724 0.095565
v -0.207929 1.390724 0.095565
v 0.181929 1.643854 -0.157564
v 0.126235 1.643854 -0.157564
v 0.070541 1.643854 -0.157564
v 0.014847 1.643854 -0.157565
v -0.040847 1.643854 -0.157565
v -0.096541 1.643854 -0.157565
v -0.152235 1.643854 -0.157565
v -0.207929 1.643854 -0.157565
v 0.181929 1.643854 0.095565
v 0.126235 1.643854 0.095565
v 0.070541 1.643854 0.095565
v 0.014847 1.643854 0.095565
v -0.040847 1.643854 0.095565
v -0.096541 1.643854 0.095565
v -0.152235 1.643854 0.095565
v -0.207929 1.643854 0.095564
v 0.181929 1.580571 0.095565
v 0.126235 1.580571 0.095565
v 0.070541 1.580571 0.095565
v 0.014847 1.580571 0.095565
v -0.040847 1.580571 0.095565
v -0.096541 1.580571 0.095565
v -0.152235 1.580571 0.095565
v -0.207929 1.580571 0.095565
v 0.181929 1.580571 -0.157564
v 0.126235 1.580571 -0.157565
v 0.070541 1.580571 -0.157565
v 0.014847 1.580571 -0.157565
v -0.040847 1.580571 -0.157565
v -0.096541 1.580571 -0.157565
v -0.152235 1.580571 -0.157565
v -0.207929 1.580571 -0.157565
v 0.181929 1.794149 -0.157564
v 0.126235 1.794149 -0.157564
v 0.070541 1.794149 -0.157564
v 0.014847 1.794149 -0.157564
v -0.040847 1.794149 -0.157565
v -0.096541 1.794149 -0.157565
v -0.152235 1.794149 -0.157565
v -0.207929 1.794149 -0.157565
v 0.181929 1.754598 -0.157564
v 0.126235 1.754598 -0.157564
v 0.070541 1.754598 -0.157564
v 0.014847 1.754598 -0.157564
v -0.040847 1.754598 -0.157565
v -0.096541 1.754598 -0.157565
v -0.152235 1.754598 -0.157565
v -0.207929 1.754598 -0.157565
v 0.181929 1.715046 -0.157564
v 0.126235 1.715046 -0.157564
v 0.070541 1.715046 -0.157564
v 0.014847 1.715046 -0.157564
v -0.040847 1.715046 -0.157565
v -0.096541 1.715046 -0.157565
v -0.152235 1.715046 -0.157565
v -0.207929 1.715046 -0.157565
v 0.181929 1.715046 0.095565
v 0.126235 1.715046 0.095565
v 0.070541 1.715046 0.095565
v 0.014847 1.715046 0.095565
v -0.040847 1.715046 0.095565
v -0.096541 1.715046 0.095565
v -0.152235 1.715046 0.095565
v -0.207929 1.715046 0.095564
v 0.181929 1.754598 0.095565
v 0.126235 1.754598 0.095565
v 0.070541 1.754598 0.095565
v 0.014847 1.754598 0.095565
v -0.040847 1.754598 0.095565
v -0.096541 1.754598 0.095565
v -0.152235 1.754598 0.095565
v -0.207929 1.754598 0.095564
v 0.181929 1.794149 0.095565
v 0.126235 1.794149 0.095565
v 0.070541 1.794149 0.095565
v 0.014847 1.794149 0.095565
v -0.040847 1.794149 0.095565
v -0.096541 1.794149 0.095565
v -0.152235 1.794149 0.095565
v -0.207929 1.794149 0.095564
v 0.181929 1.430276 0.095565
v 0.126235 1.430276 0.095565
v 0.070541 1.430276 0.095565
v 0.014847 1.430276 0.095565
v -0.040847 1.430276 0.095565
v -0.096541 1.430276 0.095565
v -0.152235 1.430276 0.095565
v -0.207929 1.430276 0.095565
v 0.181929 1.469827 0.095565
v 0.126235 1.469827 0.095565
v 0.070541 1.469827 0.095565
v 0.014847 1.469827 0.095565
v -0.040847 1.469827 0.095565
v -0.096541 1.469827 0.095565
v -0.152235 1.469827 0.095565
v -0.207929 1.469827 0.095565
v 0.181929 1.509379 0.095565
v 0.126235 1.509379 0.095565
v 0.070541 1.509379 0.095565
v 0.014847 1.509379 0.095565
v -0.040847 1.509379 0.095565
v -0.096541 1.509379 0.095565
v -0.152235 1.509379 0.095565
v -0.207929 1.509379 0.095565
v 0.181929 1.509379 -0.157565
v 0.126235 1.509379 -0.157565
v 0.070541 1.509379 -0.157565
v 0.014847 1.509379 -0.157565
v -0.040847 1.509379 -0.157565
v -0.096541 1.509379 -0.157565
v -0.152235 1.509379 -0.157565
v -0.207929 1.509379 -0.157565
v 0.181929 1.469827 -0.157565
v 0.126235 1.469827 -0.157565
v 0.070541 1.469827 -0.157565
v 0.014847 1.469827 -0.157565
v -0.040847 1.469827 -0.157565
v -0.096541 1.469827 -0.157565
v -0.152235 1.469827 -0.157565
v -0.207929 1.469827 -0.157565
v 0.181929 1.430276 -0.157565
v 0.126235 1.430276 -0.157565
v 0.070541 1.430276 -0.157565
v 0.014847 1.430276 -0.157565
v -0.040847 1.430276 -0.157565
v -0.096541 1.430276 -0.157565
v -0.152235 1.430276 -0.157565
v -0.207929 1.430276 -0.157565
v 0.181929 1.886436 0.095565
v 0.126235 1.886436 0.095565
v 0.070541 1.886436 0.095565
v 0.014847 1.886436 0.095565
v -0.040847 1.886436 0.095565
v -0.096541 1.886436 0.095565
v -0.152235 1.886436 0.095565
v -0.207929 1.886436 0.095564
v 0.181929 1.939171 0.095565
v 0.126235 1.939171 0.095565
v 0.070541 1.939171 0.095565
v 0.014847 1.939171 0.095565
v -0.040847 1.939171 0.095565
v -0.096541 1.939171 0.095565
v -0.152235 1.939171 0.095565
v -0.207929 1.939171 0.095564
v 0.181929 1.939171 -0.157564
v 0.126235 1.939171 -0.157564
v 0.070541 1.939171 -0.157564
v 0.014847 1.939171 -0.157564
v -0.040847 1.939171 -0.157564
v -0.096541 1.939171 -0.157565
v -0.152235 1.939171 -0.157565
v -0.207929 1.939171 -0.157565
v 0.181929 1.886436 -0.157564
v 0.126235 1.886436 -0.157564
v 0.070541 1.886436 -0.157564
v 0.014847 1.886436 -0.157564
v -0.040847 1.886436 -0.157564
v -0.096541 1.886436 -0.157565
v -0.152235 1.886436 -0.157565
v -0.207929 1.886436 -0.157565
v 0.181929 1.337989 -0.157565
v 0.126235 1.337989 -0.157565
v 0.070541 1.337989 -0.157565
v 0.014847 1.337989 -0.157565
v -0.040847 1.337989 -0.157565
v -0.096541 1.337989 -0.157565
v -0.152235 1.337989 -0.157565
v -0.207929 1.337989 -0.157565
v 0.181929 1.285254 -0.157565
v 0.126235 1.285254 -0.157565
v 0.070541 1.285254 -0.157565
v 0.014847 1.285254 -0.157565
v -0.040847 1.285254 -0.157565
v -0.096541 1.285254 -0.157565
v -0.152235 1.285254 -0.157565
v -0.207929 1.285254 -0.157565
v 0.181929 1.285254 0.095565
v 0.126235 1.285254 0.095565
v 0.070541 1.285254 0.095565
v 0.014847 1.285254 0.095565
v -0.040847 1.285254 0.095565
v -0.096541 1.285254 0.095565
v -0.152235 1.285254 0.095565
v -0.207929 1.285254 0.095565
v 0.181929 1.337989 0.095565
v 0.126235 1.337989 0.095565
v 0.070541 1.337989 0.095565
v 0.014847 1.337989 0.095565
v -0.040847 1.337989 0.095565
v -0.096541 1.337989 0.095565
v -0.152235 1.337989 0.095565
v -0.207929 1.337989 0.095565
v 0.209776 1.232518 -0.157565
v 0.209776 1.232518 0.095565
v 0.209776 1.991906 -0.157564
v 0.209776 1.991906 0.095565
v 0.209776 1.612212 0.095565
v 0.209776 1.612212 -0.157564
v 0.209776 1.548930 -0.157565
v 0.209776 1.548930 0.095565
v 0.209776 1.675495 0.095565
v 0.209776 1.675495 -0.157564
v 0.209776 1.833701 0.095565
v 0.209776 1.833701 -0.157564
v 0.209776 1.390724 -0.157565
v 0.209776 1.390724 0.095565
v 0.209776 1.643854 -0.157564
v 0.209776 1.643854 0.095565
v 0.209776 1.580571 0.095565
v 0.209776 1.580571 -0.157564
v 0.209776 1.794149 -0.157564
v 0.209776 1.754598 -0.157564
v 0.209776 1.715046 -0.157564
v 0.209776 1.715046 0.095565
v 0.209776 1.754598 0.095565
v 0.209776 1.794149 0.095565
v 0.209776 1.430276 0.095565
v 0.209776 1.469827 0.095565
v 0.209776 1.509379 0.095565
v 0.209776 1.509379 -0.157565
v 0.209776 1.469827 -0.157565
v 0.209776 1.430276 -0.157565
v 0.209776 1.886436 0.095565
v 0.209776 1.939171 0.095565
v 0.209776 1.939171 -0.157564
v 0.209776 1.886436 -0.157564
v 0.209776 1.337989 -0.157565
v 0.209776 1.285254 -0.157565
v 0.209776 1.285254 0.095565
v 0.209776 1.337989 0.095565
v -0.235776 1.232518 -0.157565
v -0.235776 1.232518 0.095565
v -0.235776 1.991906 -0.157565
v -0.235776 1.991906 0.095564
v -0.235776 1.612212 0.095564
v -0.235776 1.612212 -0.157565
v -0.235776 1.548930 -0.157565
v -0.235776 1.548930 0.095564
v -0.235776 1.675495 0.095564
v -0.235776 1.675495 -0.157565
v -0.235776 1.833701 0.095564
v -0.235776 1.833701 -0.157565
v -0.235776 1.390724 -0.157565
v -0.235776 1.390724 0.095564
v -0.235776 1.643854 -0.157565
v -0.235776 1.643854 0.095564
v -0.235776 1.580571 0.095564
v -0.235776 1.580571 -0.157565
v -0.235776 1.794149 -0.157565
v -0.235776 1.754598 -0.157565
v -0.235776 1.715046 -0.157565
v -0.235776 1.715046 0.095564
v -0.235776 1.754598 0.095564
v -0.235776 1.794149 0.095564
v -0.235776 1.430276 0.095564
v -0.235776 1.469827 0.095564
v -0.235776 1.509379 0.095564
v -0.235776 1.509379 -0.157565
v -0.235776 1.469827 -0.157565
v -0.235776 1.430276 -0.157565
v -0.235776 1.886436 0.095564
v -0.235776 1.939171 0.095564
v -0.235776 1.939171 -0.157565
v -0.235776 1.886436 -0.157565
v -0.235776 1.337989 -0.157565
v -0.235776 1.285254 -0.157565
v -0.235776 1.285254 0.095565
v -0.235776 1.337989 0.095565
v 0.154082 1.232518 -0.157565
v 0.154082 1.232518 0.095565
v 0.154082 1.991906 -0.157564
v 0.154082 1.991906 0.095565
v 0.154082 1.612212 0.095565
v 0.154082 1.612212 -0.157564
v 0.154082 1.548930 -0.157565
v 0.154082 1.548930 0.095565
v 0.154082 1.675495 0.095565
v 0.154082 1.675495 -0.157564
v 0.154082 1.833701 0.095565
v 0.154082 1.833701 -0.157564
v 0.154082 1.390724 -0.157565
v 0.154082 1.390724 0.095565
v 0.154082 1.643854 -0.157564
v 0.154082 1.643854 0.095565
v 0.154082 1.580571 0.095565
v 0.154082 1.580571 -0.157564
v 0.154082 1.794149 -0.157564
v 0.154082 1.754598 -0.157564
v 0.154082 1.715046 -0.157564
v 0.154082 1.715046 0.095565
v 0.154082 1.754598 0.095565
v 0.154082 1.794149 0.095565
v 0.154082 1.430276 0.095565
v 0.154082 1.469827 0.095565
v 0.154082 1.509379 0.095565
v 0.154082 1.509379 -0.157565
v 0.154082 1.469827 -0.157565
v 0.154082 1.430276 -0.157565
v 0.154082 1.886436 0.095565
v 0.154082 1.939171 0.095565
v 0.154082 1.939171 -0.157564
v 0.154082 1.886436 -0.157564
v 0.154082 1.337989 -0.157565
v 0.154082 1.285254 -0.157565
v 0.154082 1.285254 0.095565
v 0.154082 1.337989 0.095565
v -0.180082 1.232518 -0.157565
v -0.180082 1.232518 0.095565
v -0.180082 1.991906 -0.157565
v -0.180082 1.991906 0.095565
v -0.180082 1.612212 0.095565
v -0.180082 1.612212 -0.157565
v -0.180082 1.548930 -0.157565
v -0.180082 1.548930 0.095565
v -0.180082 1.675495 0.095564
v -0.180082 1.675495 -0.157565
v -0.180082 1.833701 0.095565
v -0.180082 1.833701 -0.157565
v -0.180082 1.390724 -0.157565
v -0.180082 1.390724 0.095565
v -0.180082 1.643854 -0.157565
v -0.180082 1.643854 0.095565
v -0.180082 1.580571 0.095565
v -0.180082 1.580571 -0.157565
v -0.180082 1.794149 -0.157565
v -0.180082 1.754598 -0.157565
v -0.180082 1.715046 -0.157565
v -0.180082 1.715046 0.095564
v -0.180082 1.754598 0.095565
v -0.180082 1.794149 0.095565
v -0.180082 1.430276 0.095565
v -0.180082 1.469827 0.095565
v -0.180082 1.509379 0.095565
v -0.180082 1.509379 -0.157565
v -0.180082 1.469827 -0.157565
v -0.180082 1.430276 -0.157565
v -0.180082 1.886436 0.095564
v -0.180082 1.939171 0.095564
v -0.180082 1.939171 -0.157565
v -0.180082 1.886436 -0.157565
v -0.180082 1.337989 -0.157565
v -0.180082 1.285254 -0.157565
v -0.180082 1.285254 0.095565
v -0.180082 1.337989 0.095565
v 0.237623 1.232518 -0.115376
v 0.237623 1.232518 -0.073188
v 0.237623 1.232518 -0.031000
v 0.237623 1.232518 0.011188
v 0.237623 1.232518 0.053376
v -0.263623 1.232518 0.053376
v -0.263623 1.232518 0.011188
v -0.263623 1.232518 -0.031000
v -0.263623 1.232518 -0.073188
v -0.263623 1.232518 -0.115377
v 0.237623 1.991906 -0.115376
v 0.237623 1.991906 -0.073188
v 0.237623 1.991906 -0.031000
v 0.237623 1.991906 0.011189
v 0.237623 1.991906 0.053377
v -0.263623 1.991906 0.053376
v -0.263623 1.991906 0.011188
v -0.263623 1.991906 -0.031000
v -0.263623 1.991906 -0.073188
v -0.263623 1.991906 -0.115376
v 0.237623 1.612212 -0.115376
v 0.237623 1.612212 -0.073188
v 0.237623 1.612212 -0.031000
v 0.237623 1.612212 0.011188
v 0.237623 1.612212 0.053377
v -0.263623 1.612212 0.053376
v -0.263623 1.612212 0.011188
v -0.263623 1.612212 -0.031000
v -0.263623 1.612212 -0.073188
v -0.263623 1.612212 -0.115377
v 0.237623 1.548930 -0.115376
v 0.237623 1.548930 -0.073188
v 0.237623 1.548930 -0.031000
v 0.237623 1.548930 0.011188
v 0.237623 1.548930 0.053377
v -0.263623 1.548930 0.053376
v -0.263623 1.548930 0.011188
v -0.263623 1.548930 -0.031000
v -0.263623 1.548930 -0.073188
v -0.263623 1.548930 -0.115377
v 0.237623 1.675495 -0.115376
v 0.237623 1.675495 -0.073188
v 0.237623 1.675495 -0.031000
v 0.237623 1.675495 0.011188
v 0.237623 1.675495 0.053377
v -0.263623 1.675495 0.053376
v -0.263623 1.675495 0.011188
v -0.263623 1.675495 -0.031000
v -0.263623 1.675495 -0.073188
v -0.263623 1.675495 -0.115376
v 0.237623 1.833701 -0.115376
v 0.237623 1.833701 -0.073188
v 0.237623 1.833701 -0.031000
v 0.237623 1.833701 0.011189
v 0.237623 1.833701 0.053377
v -0.263623 1.833701 0.053376
v -0.263623 1.833701 0.011188
v -0.263623 1.833701 -0.031000
v -0.263623 1.833701 -0.073188
v -0.263623 1.833701 -0.115376
v 0.237623 1.390724 -0.115376
v 0.237623 1.390724 -0.073188
v 0.237623 1.390724 -0.031000
v 0.237623 1.390724 0.011188
v 0.237623 1.390724 0.053376
v -0.263623 1.390724 0.053376
v -0.263623 1.390724 0.011188
v -0.263623 1.390724 -0.031000
v -0.263623 1.390724 -0.073188
v -0.263623 1.390724 -0.115377
v 0.237623 1.643854 -0.115376
v 0.237623 1.643854 -0.073188
v 0.237623 1.643854 -0.031000
v 0.237623 1.643854 0.011188
v 0.237623 1.643854 0.053377
v -0.263623 1.643854 0.053376
v -0.263623 1.643854 0.011188
v -0.263623 1.643854 -0.031000
v -0.263623 1.643854 -0.073188
v -0.263623 1.643854 -0.115377
v 0.237623 1.580571 -0.115376
v 0.237623 1.580571 -0.073188
v 0.237623 1.580571 -0.031000
v 0.237623 1.580571 0.011188
v 0.237623 1.580571 0.053377
v -0.263623 1.580571 0.053376
v -0.263623 1.580571 0.011188
v -0.263623 1.580571 -0.031000
v -0.263623 1.580571 -0.073188
v -0.263623 1.580571 -0.115377
v 0.237623 1.715046 -0.115376
v 0.237623 1.715046 -0.073188
v 0.237623 1.715046 -0.031000
v 0.237623 1.715046 0.011189
v 0.237623 1.715046 0.053377
v 0.237623 1.754598 -0.115376
v 0.237623 1.754598 -0.073188
v 0.237623 1.754598 -0.031000
v 0.237623 1.754598 0.011189
v 0.237623 1.754598 0.053377
v 0.237623 1.794149 -0.115376
v 0.237623 1.794149 -0.073188
v 0.237623 1.794149 -0.031000
v 0.237623 1.794149 0.011189
v 0.237623 1.794149 0.053377
v -0.263623 1.715046 0.053376
v -0.263623 1.715046 0.011188
v -0.263623 1.715046 -0.031000
v -0.263623 1.715046 -0.073188
v -0.263623 1.715046 -0.115376
v -0.263623 1.754598 0.053376
v -0.263623 1.754598 0.011188
v -0.263623 1.754598 -0.031000
v -0.263623 1.754598 -0.073188
v -0.263623 1.754598 -0.115376
v -0.263623 1.794149 0.053376
v -0.263623 1.794149 0.011188
v -0.263623 1.794149 -0.031000
v -0.263623 1.794149 -0.073188
v -0.263623 1.794149 -0.115376
v 0.237623 1.430276 -0.115376
v 0.237623 1.430276 -0.073188
v 0.237623 1.430276 -0.031000
v 0.237623 1.430276 0.011188
v 0.237623 1.430276 0.053376
v 0.237623 1.469827 -0.115376
v 0.237623 1.469827 -0.073188
v 0.237623 1.469827 -0.031000
v 0.237623 1.469827 0.011188
v 0.237623 1.469827 0.053376
v 0.237623 1.509379 -0.115376
v 0.237623 1.509379 -0.073188
v 0.237623 1.509379 -0.031000
v 0.237623 1.509379 0.011188
v 0.237623 1.509379 0.053377
v -0.263623 1.430276 0.053376
v -0.263623 1.430276 0.011188
v -0.263623 1.430276 -0.031000
v -0.263623 1.430276 -0.073188
v -0.263623 1.430276 -0.115377
v -0.263623 1.469827 0.053376
v -0.263623 1.469827 0.011188
v -0.263623 1.469827 -0.031000
v -0.263623 1.469827 -0.073188
v -0.263623 1.469827 -0.115377
v -0.263623 1.509379 0.053376
v -0.263623 1.509379 0.011188
v -0.263623 1.509379 -0.031000
v -0.263623 1.509379 -0.073188
v -0.263623 1.509379 -0.115377
v 0.237623 1.886436 -0.115376
v 0.237623 1.886436 -0.073188
v 0.237623 1.886436 -0.031000
v 0.237623 1.886436 0.011189
v 0.237623 1.886436 0.053377
v 0.237623 1.939171 -0.115376
v 0.237623 1.939171 -0.073188
v 0.237623 1.939171 -0.031000
v 0.237623 1.939171 0.011189
v 0.237623 1.939171 0.053377
v -0.263623 1.886436 0.053376
v -0.263623 1.886436 0.011188
v -0.263623 1.886436 -0.031000
v -0.263623 1.886436 -0.073188
v -0.263623 1.886436 -0.115376
v -0.263623 1.939171 0.053376
v -0.263623 1.939171 0.011188
v -0.263623 1.939171 -0.031000
v -0.263623 1.939171 -0.073188
v -0.263623 1.939171 -0.115376
v 0.237623 1.285254 -0.115376
v 0.237623 1.285254 -0.073188
v 0.237623 1.285254 -0.031000
v 0.237623 1.285254 0.011188
v 0.237623 1.285254 0.053376
v 0.237623 1.337989 -0.115376
v 0.237623 1.337989 -0.073188
v 0.237623 1.337989 -0.031000
v 0.237623 1.337989 0.011188
v 0.237623 1.337989 0.053376
v -0.263623 1.285254 0.053376
v -0.263623 1.285254 0.011188
v -0.263623 1.285254 -0.031000
v -0.263623 1.285254 -0.073188
v -0.263623 1.285254 -0.115377
v -0.263623 1.337989 0.053376
v -0.263623 1.337989 0.011188
v -0.263623 1.337989 -0.031000
v -0.263623 1.337989 -0.073188
v -0.263623 1.337989 -0.115377
v 0.181929 1.232518 0.053376
v 0.181929 1.232518 0.011188
v 0.181929 1.232518 -0.031000
v 0.181929 1.232518 -0.073188
v 0.181929 1.232518 -0.115376
v 0.126235 1.232518 0.053376
v 0.126235 1.232518 0.011188
v 0.126235 1.232518 -0.031000
v 0.126235 1.232518 -0.073188
v 0.126235 1.232518 -0.115376
v 0.070541 1.232518 0.053376
v 0.070541 1.232518 0.011188
v 0.070541 1.232518 -0.031000
v 0.070541 1.232518 -0.073188
v 0.070541 1.232518 -0.115376
v 0.014847 1.232518 0.053376
v 0.014847 1.232518 0.011188
v 0.014847 1.232518 -0.031000
v 0.014847 1.232518 -0.073188
v 0.014847 1.232518 -0.115376
v -0.040847 1.232518 0.053376
v -0.040847 1.232518 0.011188
v -0.040847 1.232518 -0.031000
v -0.040847 1.232518 -0.073188
v -0.040847 1.232518 -0.115376
v -0.096541 1.232518 0.053376
v -0.096541 1.232518 0.011188
v -0.096541 1.232518 -0.031000
v -0.096541 1.232518 -0.073188
v -0.096541 1.232518 -0.115377
v -0.152235 1.232518 0.053376
v -0.152235 1.232518 0.011188
v -0.152235 1.232518 -0.031000
v -0.152235 1.232518 -0.073188
v -0.152235 1.232518 -0.115377
v -0.207929 1.232518 0.053376
v -0.207929 1.232518 0.011188
v -0.207929 1.232518 -0.031000
v -0.207929 1.232518 -0.073188
v -0.207929 1.232518 -0.115377
v 0.181929 1.991906 -0.115376
v 0.181929 1.991906 -0.073188
v 0.181929 1.991906 -0.031000
v 0.181929 1.991906 0.011189
v 0.181929 1.991906 0.053377
v 0.126235 1.991906 -0.115376
v 0.126235 1.991906 -0.073188
v 0.126235 1.991906 -0.031000
v 0.126235 1.991906 0.011188
v 0.126235 1.991906 0.053377
v 0.070541 1.991906 -0.115376
v 0.070541 1.991906 -0.073188
v 0.070541 1.991906 -0.031000
v 0.070541 1.991906 0.011188
v 0.070541 1.991906 0.053377
v 0.014847 1.991906 -0.115376
v 0.014847 1.991906 -0.073188
v 0.014847 1.991906 -0.031000
v 0.014847 1.991906 0.011188
v 0.014847 1.991906 0.053377
v -0.040847 1.991906 -0.115376
v -0.040847 1.991906 -0.073188
v -0.040847 1.991906 -0.031000
v -0.040847 1.991906 0.011188
v -0.040847 1.991906 0.053376
v -0.096541 1.991906 -0.115376
v -0.096541 1.991906 -0.073188
v -0.096541 1.991906 -0.031000
v -0.096541 1.991906 0.011188
v -0.096541 1.991906 0.053376
v -0.152235 1.991906 -0.115376
v -0.152235 1.991906 -0.073188
v -0.152235 1.991906 -0.031000
v -0.152235 1.991906 0.011188
v -0.152235 1.991906 0.053376
v -0.207929 1.991906 -0.115376
v -0.207929 1.991906 -0.073188
v -0.207929 1.991906 -0.031000
v -0.207929 1.991906 0.011188
v -0.207929 1.991906 0.053376
v 0.209776 1.232518 0.053376
v 0.209776 1.232518 0.011188
v 0.209776 1.232518 -0.031000
v 0.209776 1.232518 -0.073188
v 0.209776 1.232518 -0.115376
v 0.209776 1.991906 -0.115376
v 0.209776 1.991906 -0.073188
v 0.209776 1.991906 -0.031000
v 0.209776 1.991906 0.011189
v 0.209776 1.991906 0.053377
v -0.235776 1.232518 0.053376
v -0.235776 1.232518 0.011188
v -0.235776 1.232518 -0.031000
v -0.235776 1.232518 -0.073188
v -0.235776 1.232518 -0.115377
v -0.235776 1.991906 -0.115376
v -0.235776 1.991906 -0.073188
v -0.235776 1.991906 -0.031000
v -0.235776 1.991906 0.011188
v -0.235776 1.991906 0.053376
v 0.154082 1.232518 0.053376
v 0.154082 1.232518 0.011188
v 0.154082 1.232518 -0.031000
v 0.154082 1.232518 -0.073188
v 0.154082 1.232518 -0.115376
v 0.154082 1.991906 -0.115376
v 0.154082 1.991906 -0.073188
v 0.154082 1.991906 -0.031000
v 0.154082 1.991906 0.011189
v 0.154082 1.991906 0.053377
v -0.180082 1.232518 0.053376
v -0.180082 1.232518 0.011188
v -0.180082 1.232518 -0.031000
v -0.180082 1.232518 -0.073188
v -0.180082 1.232518 -0.115377
v -0.180082 1.991906 -0.115376
v -0.180082 1.991906 -0.073188
v -0.180082 1.991906 -0.031000
v -0.180082 1.991906 0.011188
v -0.180082 1.991906 0.053376
vn -0.0000 -1.0000 -0.0000
vn -0.0000 1.0000 -0.0000
vn 1.0000 -0.0000 -0.0000
vn -0.0000 -0.0000 1.0000
vn -1.0000 -0.0000 -0.0000
vn -0.0000 -0.0000 -1.0000
vt 0.187500 0.187500
vt 0.187500 0.250000
vt 0.125000 0.250000
vt 0.125000 0.187500
vt 0.062500 0.250000
vt 0.062500 0.187500
vt 0.187500 0.109375
vt 0.125000 0.109375
vt 0.062500 0.109375
vt 0.078125 0.109375
vt 0.093750 0.109375
vt 0.109375 0.109375
vt 0.000000 0.187500
vt 0.000000 0.109375
vt 0.187500 0.078125
vt 0.187500 0.000000
vt 0.250000 0.000000
vt 0.250000 0.078125
vt 0.187500 0.093750
vt 0.125000 0.093750
vt 0.125000 0.089844
vt 0.125000 0.085938
vt 0.125000 0.082031
vt 0.125000 0.078125
vt 0.078125 0.089844
vt 0.078125 0.093750
vt 0.062500 0.093750
vt 0.062500 0.089844
vt 0.062500 0.078125
vt 0.062500 0.082031
vt 0.062500 0.085938
vt 0.000000 0.093750
vt 0.000000 0.078125
vt 0.250000 0.093750
vt 0.250000 0.109375
vt 0.125000 0.000000
vt 0.109375 0.078125
vt 0.093750 0.078125
vt 0.078125 0.078125
vt 0.062500 0.000000
vt 0.000000 0.000000
vt 0.125000 0.105469
vt 0.125000 0.101562
vt 0.125000 0.097656
vt 0.078125 0.105469
vt 0.062500 0.105469
vt 0.062500 0.097656
vt 0.062500 0.101562
vt 0.250000 0.187500
vt 0.187500 0.437500
vt 0.187500 0.500000
vt 0.125000 0.500000
vt 0.125000 0.437500
vt 0.062500 0.500000
vt 0.062500 0.437500
vt 0.187500 0.359375
vt 0.125000 0.359375
vt 0.062500 0.359375
vt 0.078125 0.359375
vt 0.093750 0.359375
vt 0.109375 0.359375
vt 0.000000 0.437500
vt 0.000000 0.359375
vt 0.187500 0.328125
vt 0.250000 0.250000
vt 0.250000 0.328125
vt 0.187500 0.343750
vt 0.125000 0.343750
vt 0.125000 0.339844
vt 0.125000 0.335938
vt 0.125000 0.332031
vt 0.125000 0.328125
vt 0.078125 0.339844
vt 0.078125 0.343750
vt 0.062500 0.343750
vt 0.062500 0.339844
vt 0.062500 0.328125
vt 0.062500 0.332031
vt 0.062500 0.335938
vt 0.000000 0.343750
vt 0.000000 0.328125
vt 0.250000 0.343750
vt 0.250000 0.359375
vt 0.109375 0.328125
vt 0.093750 0.328125
vt 0.078125 0.328125
vt 0.000000 0.250000
vt 0.125000 0.355469
vt 0.125000 0.351562
vt 0.125000 0.347656
vt 0.078125 0.355469
vt 0.062500 0.355469
vt 0.062500 0.347656
vt 0.062500 0.351562
vt 0.250000 0.437500
vt 0.812500 0.437500
vt 0.812500 0.500000
vt 0.750000 0.500000
vt 0.750000 0.437500
vt 0.687500 0.500000
vt 0.687500 0.437500
vt 0.812500 0.359375
vt 0.750000 0.359375
vt 0.687500 0.359375
vt 0.625000 0.437500
vt 0.625000 0.359375
vt 0.812500 0.328125
vt 0.812500 0.250000
vt 0.875000 0.250000
vt 0.875000 0.328125
vt 0.859375 0.328125
vt 0.843750 0.328125
vt 0.828125 0.328125
vt 0.812500 0.332031
vt 0.812500 0.335938
vt 0.812500 0.339844
vt 0.812500 0.343750
vt 0.750000 0.343750
vt 0.750000 0.328125
vt 0.687500 0.343750
vt 0.687500 0.328125
vt 0.625000 0.343750
vt 0.625000 0.339844
vt 0.625000 0.335938
vt 0.625000 0.332031
vt 0.625000 0.328125
vt 0.859375 0.347656
vt 0.859375 0.343750
vt 0.875000 0.343750
vt 0.875000 0.347656
vt 0.859375 0.332031
vt 0.875000 0.332031
vt 0.750000 0.250000
vt 0.687500 0.250000
vt 0.625000 0.250000
vt 0.812500 0.347656
vt 0.812500 0.351562
vt 0.812500 0.355469
vt 0.625000 0.355469
vt 0.625000 0.351562
vt 0.625000 0.347656
vt 0.828125 0.359375
vt 0.843750 0.359375
vt 0.859375 0.359375
vt 0.875000 0.359375
vt 0.875000 0.437500
vt 0.937500 0.187500
vt 0.937500 0.250000
vt 0.875000 0.187500
vt 0.812500 0.187500
vt 0.937500 0.109375
vt 0.875000 0.109375
vt 0.812500 0.109375
vt 0.750000 0.187500
vt 0.750000 0.109375
vt 0.937500 0.078125
vt 0.937500 0.000000
vt 1.000000 0.000000
vt 1.000000 0.078125
vt 0.984375 0.078125
vt 0.968750 0.078125
vt 0.953125 0.078125
vt 0.937500 0.082031
vt 0.937500 0.085938
vt 0.937500 0.089844
vt 0.937500 0.093750
vt 0.875000 0.093750
vt 0.875000 0.078125
vt 0.812500 0.093750
vt 0.812500 0.078125
vt 0.750000 0.093750
vt 0.750000 0.089844
vt 0.750000 0.085938
vt 0.750000 0.082031
vt 0.750000 0.078125
vt 0.984375 0.097656
vt 0.984375 0.093750
vt 1.000000 0.093750
vt 1.000000 0.097656
vt 0.984375 0.082031
vt 1.000000 0.082031
vt 0.875000 0.000000
vt 0.812500 0.000000
vt 0.750000 0.000000
vt 0.937500 0.097656
vt 0.937500 0.101562
vt 0.937500 0.105469
vt 0.750000 0.105469
vt 0.750000 0.101562
vt 0.750000 0.097656
vt 0.953125 0.109375
vt 0.968750 0.109375
vt 0.984375 0.109375
vt 1.000000 0.109375
vt 1.000000 0.187500
vt 0.444444 0.489583
vt 0.444444 0.500000
vt 0.437500 0.500000
vt 0.437500 0.489583
vt 0.319444 0.447917
vt 0.312500 0.447917
vt 0.312500 0.437500
vt 0.319444 0.437500
vt 0.447917 0.424479
vt 0.447917 0.437500
vt 0.437500 0.437500
vt 0.437500 0.424479
vt 0.319444 0.424479
vt 0.312500 0.424479
vt 0.260417 0.424479
vt 0.260417 0.437500
vt 0.250000 0.424479
vt 0.618056 0.263021
vt 0.618056 0.250000
vt 0.625000 0.263021
vt 0.447917 0.335938
vt 0.447917 0.343750
vt 0.437500 0.343750
vt 0.437500 0.335938
vt 0.319444 0.335938
vt 0.319444 0.343750
vt 0.312500 0.343750
vt 0.312500 0.335938
vt 0.260417 0.335938
vt 0.260417 0.343750
vt 0.250000 0.335938
vt 0.618056 0.351562
vt 0.618056 0.343750
vt 0.618056 0.335938
vt 0.618056 0.328125
vt 0.447917 0.318359
vt 0.447917 0.328125
vt 0.437500 0.328125
vt 0.437500 0.318359
vt 0.319444 0.318359
vt 0.319444 0.328125
vt 0.312500 0.328125
vt 0.312500 0.318359
vt 0.260417 0.318359
vt 0.260417 0.328125
vt 0.250000 0.318359
vt 0.447917 0.351562
vt 0.447917 0.359375
vt 0.437500 0.359375
vt 0.437500 0.351562
vt 0.319444 0.351562
vt 0.319444 0.359375
vt 0.312500 0.359375
vt 0.312500 0.351562
vt 0.260417 0.351562
vt 0.260417 0.359375
vt 0.250000 0.351562
vt 0.618056 0.369141
vt 0.618056 0.359375
vt 0.625000 0.369141
vt 0.447917 0.388672
vt 0.447917 0.398438
vt 0.437500 0.398438
vt 0.437500 0.388672
vt 0.319444 0.388672
vt 0.319444 0.398438
vt 0.312500 0.398438
vt 0.312500 0.388672
vt 0.260417 0.388672
vt 0.260417 0.398438
vt 0.250000 0.398438
vt 0.250000 0.388672
vt 0.618056 0.411458
vt 0.618056 0.398438
vt 0.625000 0.398438
vt 0.625000 0.411458
vt 0.618056 0.298828
vt 0.618056 0.289062
vt 0.625000 0.289062
vt 0.625000 0.298828
vt 0.447917 0.276042
vt 0.447917 0.289062
vt 0.437500 0.289062
vt 0.437500 0.276042
vt 0.319444 0.276042
vt 0.319444 0.289062
vt 0.312500 0.289062
vt 0.312500 0.276042
vt 0.260417 0.276042
vt 0.260417 0.289062
vt 0.250000 0.289062
vt 0.250000 0.276042
vt 0.859375 0.355469
vt 0.859375 0.351562
vt 0.875000 0.351562
vt 0.875000 0.355469
vt 0.828125 0.355469
vt 0.828125 0.351562
vt 0.843750 0.351562
vt 0.843750 0.355469
vt 0.828125 0.347656
vt 0.828125 0.343750
vt 0.843750 0.343750
vt 0.843750 0.347656
vt 0.859375 0.339844
vt 0.859375 0.335938
vt 0.875000 0.335938
vt 0.875000 0.339844
vt 0.828125 0.339844
vt 0.828125 0.335938
vt 0.843750 0.335938
vt 0.843750 0.339844
vt 0.828125 0.332031
vt 0.843750 0.332031
vt 0.984375 0.105469
vt 0.984375 0.101562
vt 1.000000 0.101562
vt 1.000000 0.105469
vt 0.953125 0.105469
vt 0.953125 0.101562
vt 0.968750 0.101562
vt 0.968750 0.105469
vt 0.953125 0.097656
vt 0.953125 0.093750
vt 0.968750 0.093750
vt 0.968750 0.097656
vt 0.984375 0.089844
vt 0.984375 0.085938
vt 1.000000 0.085938
vt 1.000000 0.089844
vt 0.953125 0.089844
vt 0.953125 0.085938
vt 0.968750 0.085938
vt 0.968750 0.089844
vt 0.953125 0.082031
vt 0.968750 0.082031
vt 0.078125 0.082031
vt 0.078125 0.085938
vt 0.109375 0.082031
vt 0.109375 0.085938
vt 0.093750 0.085938
vt 0.093750 0.082031
vt 0.109375 0.089844
vt 0.109375 0.093750
vt 0.093750 0.093750
vt 0.093750 0.089844
vt 0.078125 0.097656
vt 0.078125 0.101562
vt 0.109375 0.097656
vt 0.109375 0.101562
vt 0.093750 0.101562
vt 0.093750 0.097656
vt 0.109375 0.105469
vt 0.093750 0.105469
vt 0.078125 0.332031
vt 0.078125 0.335938
vt 0.109375 0.332031
vt 0.109375 0.335938
vt 0.093750 0.335938
vt 0.093750 0.332031
vt 0.109375 0.339844
vt 0.109375 0.343750
vt 0.093750 0.343750
vt 0.093750 0.339844
vt 0.078125 0.347656
vt 0.078125 0.351562
vt 0.109375 0.347656
vt 0.109375 0.351562
vt 0.093750 0.351562
vt 0.093750 0.347656
vt 0.109375 0.355469
vt 0.093750 0.355469
vt 0.618056 0.388672
vt 0.625000 0.388672
vt 0.618056 0.378906
vt 0.625000 0.378906
vt 0.447917 0.369141
vt 0.437500 0.369141
vt 0.447917 0.378906
vt 0.437500 0.378906
vt 0.319444 0.369141
vt 0.312500 0.369141
vt 0.319444 0.378906
vt 0.312500 0.378906
vt 0.260417 0.369141
vt 0.250000 0.369141
vt 0.260417 0.378906
vt 0.250000 0.378906
vt 0.447917 0.298828
vt 0.437500 0.298828
vt 0.447917 0.308594
vt 0.437500 0.308594
vt 0.319444 0.298828
vt 0.312500 0.298828
vt 0.319444 0.308594
vt 0.312500 0.308594
vt 0.260417 0.298828
vt 0.250000 0.298828
vt 0.260417 0.308594
vt 0.250000 0.308594
vt 0.618056 0.318359
vt 0.625000 0.318359
vt 0.618056 0.308594
vt 0.625000 0.308594
vt 0.447917 0.411458
vt 0.437500 0.411458
vt 0.319444 0.411458
vt 0.312500 0.411458
vt 0.260417 0.411458
vt 0.250000 0.411458
vt 0.618056 0.437500
vt 0.618056 0.424479
vt 0.625000 0.424479
vt 0.618056 0.276042
vt 0.625000 0.276042
vt 0.447917 0.250000
vt 0.447917 0.263021
vt 0.437500 0.263021
vt 0.437500 0.250000
vt 0.319444 0.250000
vt 0.319444 0.263021
vt 0.312500 0.263021
vt 0.312500 0.250000
vt 0.260417 0.250000
vt 0.260417 0.263021
vt 0.250000 0.263021
vt 0.555556 0.489583
vt 0.555556 0.500000
vt 0.548611 0.500000
vt 0.548611 0.489583
vt 0.541667 0.489583
vt 0.541667 0.500000
vt 0.534722 0.500000
vt 0.534722 0.489583
vt 0.520833 0.500000
vt 0.520833 0.489583
vt 0.506944 0.500000
vt 0.506944 0.489583
vt 0.493056 0.500000
vt 0.493056 0.489583
vt 0.479167 0.500000
vt 0.479167 0.489583
vt 0.465278 0.500000
vt 0.465278 0.489583
vt 0.458333 0.489583
vt 0.458333 0.500000
vt 0.451389 0.500000
vt 0.451389 0.489583
vt 0.430556 0.447917
vt 0.423611 0.447917
vt 0.423611 0.437500
vt 0.430556 0.437500
vt 0.416667 0.447917
vt 0.409722 0.447917
vt 0.409722 0.437500
vt 0.416667 0.437500
vt 0.395833 0.447917
vt 0.395833 0.437500
vt 0.381944 0.447917
vt 0.381944 0.437500
vt 0.368056 0.447917
vt 0.368056 0.437500
vt 0.354167 0.447917
vt 0.354167 0.437500
vt 0.340278 0.447917
vt 0.340278 0.437500
vt 0.333333 0.447917
vt 0.326389 0.447917
vt 0.326389 0.437500
vt 0.333333 0.437500
vt 0.430556 0.424479
vt 0.423611 0.424479
vt 0.416667 0.424479
vt 0.409722 0.424479
vt 0.395833 0.424479
vt 0.381944 0.424479
vt 0.368056 0.424479
vt 0.354167 0.424479
vt 0.340278 0.424479
vt 0.333333 0.424479
vt 0.326389 0.424479
vt 0.506944 0.263021
vt 0.506944 0.250000
vt 0.513889 0.250000
vt 0.513889 0.263021
vt 0.520833 0.263021
vt 0.520833 0.250000
vt 0.527778 0.250000
vt 0.527778 0.263021
vt 0.541667 0.250000
vt 0.541667 0.263021
vt 0.555556 0.250000
vt 0.555556 0.263021
vt 0.569444 0.250000
vt 0.569444 0.263021
vt 0.583333 0.250000
vt 0.583333 0.263021
vt 0.597222 0.250000
vt 0.597222 0.263021
vt 0.604167 0.263021
vt 0.604167 0.250000
vt 0.611111 0.250000
vt 0.611111 0.263021
vt 0.430556 0.335938
vt 0.430556 0.343750
vt 0.423611 0.343750
vt 0.423611 0.335938
vt 0.416667 0.335938
vt 0.416667 0.343750
vt 0.409722 0.343750
vt 0.409722 0.335938
vt 0.395833 0.343750
vt 0.395833 0.335938
vt 0.381944 0.343750
vt 0.381944 0.335938
vt 0.368056 0.343750
vt 0.368056 0.335938
vt 0.354167 0.343750
vt 0.354167 0.335938
vt 0.340278 0.343750
vt 0.340278 0.335938
vt 0.333333 0.335938
vt 0.333333 0.343750
vt 0.326389 0.343750
vt 0.326389 0.335938
vt 0.506944 0.351562
vt 0.506944 0.343750
vt 0.513889 0.343750
vt 0.513889 0.351562
vt 0.520833 0.351562
vt 0.520833 0.343750
vt 0.527778 0.343750
vt 0.527778 0.351562
vt 0.541667 0.343750
vt 0.541667 0.351562
vt 0.555556 0.343750
vt 0.555556 0.351562
vt 0.569444 0.343750
vt 0.569444 0.351562
vt 0.583333 0.343750
vt 0.583333 0.351562
vt 0.597222 0.343750
vt 0.597222 0.351562
vt 0.604167 0.351562
vt 0.604167 0.343750
vt 0.611111 0.343750
vt 0.611111 0.351562
vt 0.506944 0.335938
vt 0.506944 0.328125
vt 0.513889 0.328125
vt 0.513889 0.335938
vt 0.520833 0.335938
vt 0.520833 0.328125
vt 0.527778 0.328125
vt 0.527778 0.335938
vt 0.541667 0.328125
vt 0.541667 0.335938
vt 0.555556 0.328125
vt 0.555556 0.335938
vt 0.569444 0.328125
vt 0.569444 0.335938
vt 0.583333 0.328125
vt 0.583333 0.335938
vt 0.597222 0.328125
vt 0.597222 0.335938
vt 0.604167 0.335938
vt 0.604167 0.328125
vt 0.611111 0.328125
vt 0.611111 0.335938
vt 0.430556 0.318359
vt 0.430556 0.328125
vt 0.423611 0.328125
vt 0.423611 0.318359
vt 0.416667 0.318359
vt 0.416667 0.328125
vt 0.409722 0.328125
vt 0.409722 0.318359
vt 0.395833 0.328125
vt 0.395833 0.318359
vt 0.381944 0.328125
vt 0.381944 0.318359
vt 0.368056 0.328125
vt 0.368056 0.318359
vt 0.354167 0.328125
vt 0.354167 0.318359
vt 0.340278 0.328125
vt 0.340278 0.318359
vt 0.333333 0.318359
vt 0.333333 0.328125
vt 0.326389 0.328125
vt 0.326389 0.318359
vt 0.430556 0.351562
vt 0.430556 0.359375
vt 0.423611 0.359375
vt 0.423611 0.351562
vt 0.416667 0.351562
vt 0.416667 0.359375
vt 0.409722 0.359375
vt 0.409722 0.351562
vt 0.395833 0.359375
vt 0.395833 0.351562
vt 0.381944 0.359375
vt 0.381944 0.351562
vt 0.368056 0.359375
vt 0.368056 0.351562
vt 0.354167 0.359375
vt 0.354167 0.351562
vt 0.340278 0.359375
vt 0.340278 0.351562
vt 0.333333 0.351562
vt 0.333333 0.359375
vt 0.326389 0.359375
vt 0.326389 0.351562
vt 0.506944 0.369141
vt 0.506944 0.359375
vt 0.513889 0.359375
vt 0.513889 0.369141
vt 0.520833 0.369141
vt 0.520833 0.359375
vt 0.527778 0.359375
vt 0.527778 0.369141
vt 0.541667 0.359375
vt 0.541667 0.369141
vt 0.555556 0.359375
vt 0.555556 0.369141
vt 0.569444 0.359375
vt 0.569444 0.369141
vt 0.583333 0.359375
vt 0.583333 0.369141
vt 0.597222 0.359375
vt 0.597222 0.369141
vt 0.604167 0.369141
vt 0.604167 0.359375
vt 0.611111 0.359375
vt 0.611111 0.369141
vt 0.430556 0.388672
vt 0.430556 0.398438
vt 0.423611 0.398438
vt 0.423611 0.388672
vt 0.416667 0.388672
vt 0.416667 0.398438
vt 0.409722 0.398438
vt 0.409722 0.388672
vt 0.395833 0.398438
vt 0.395833 0.388672
vt 0.381944 0.398438
vt 0.381944 0.388672
vt 0.368056 0.398438
vt 0.368056 0.388672
vt 0.354167 0.398438
vt 0.354167 0.388672
vt 0.340278 0.398438
vt 0.340278 0.388672
vt 0.333333 0.388672
vt 0.333333 0.398438
vt 0.326389 0.398438
vt 0.326389 0.388672
vt 0.506944 0.411458
vt 0.506944 0.398438
vt 0.513889 0.398438
vt 0.513889 0.411458
vt 0.520833 0.411458
vt 0.520833 0.398438
vt 0.527778 0.398438
vt 0.527778 0.411458
vt 0.541667 0.398438
vt 0.541667 0.411458
vt 0.555556 0.398438
vt 0.555556 0.411458
vt 0.569444 0.398438
vt 0.569444 0.411458
vt 0.583333 0.398438
vt 0.583333 0.411458
vt 0.597222 0.398438
vt 0.597222 0.411458
vt 0.604167 0.411458
vt 0.604167 0.398438
vt 0.611111 0.398438
vt 0.611111 0.411458
vt 0.506944 0.298828
vt 0.506944 0.289062
vt 0.513889 0.289062
vt 0.513889 0.298828
vt 0.520833 0.298828
vt 0.520833 0.289062
vt 0.527778 0.289062
vt 0.527778 0.298828
vt 0.541667 0.289062
vt 0.541667 0.298828
vt 0.555556 0.289062
vt 0.555556 0.298828
vt 0.569444 0.289062
vt 0.569444 0.298828
vt 0.583333 0.289062
vt 0.583333 0.298828
vt 0.597222 0.289062
vt 0.597222 0.298828
vt 0.604167 0.298828
vt 0.604167 0.289062
vt 0.611111 0.289062
vt 0.611111 0.298828
vt 0.430556 0.276042
vt 0.430556 0.289062
vt 0.423611 0.289062
vt 0.423611 0.276042
vt 0.416667 0.276042
vt 0.416667 0.289062
vt 0.409722 0.289062
vt 0.409722 0.276042
vt 0.395833 0.289062
vt 0.395833 0.276042
vt 0.381944 0.289062
vt 0.381944 0.276042
vt 0.368056 0.289062
vt 0.368056 0.276042
vt 0.354167 0.289062
vt 0.354167 0.276042
vt 0.340278 0.289062
vt 0.340278 0.276042
vt 0.333333 0.276042
vt 0.333333 0.289062
vt 0.326389 0.289062
vt 0.326389 0.276042
vt 0.506944 0.388672
vt 0.513889 0.388672
vt 0.520833 0.388672
vt 0.527778 0.388672
vt 0.541667 0.388672
vt 0.555556 0.388672
vt 0.569444 0.388672
vt 0.583333 0.388672
vt 0.597222 0.388672
vt 0.604167 0.388672
vt 0.611111 0.388672
vt 0.506944 0.378906
vt 0.513889 0.378906
vt 0.520833 0.378906
vt 0.527778 0.378906
vt 0.541667 0.378906
vt 0.555556 0.378906
vt 0.569444 0.378906
vt 0.583333 0.378906
vt 0.597222 0.378906
vt 0.604167 0.378906
vt 0.611111 0.378906
vt 0.430556 0.369141
vt 0.423611 0.369141
vt 0.416667 0.369141
vt 0.409722 0.369141
vt 0.395833 0.369141
vt 0.381944 0.369141
vt 0.368056 0.369141
vt 0.354167 0.369141
vt 0.340278 0.369141
vt 0.333333 0.369141
vt 0.326389 0.369141
vt 0.430556 0.378906
vt 0.423611 0.378906
vt 0.416667 0.378906
vt 0.409722 0.378906
vt 0.395833 0.378906
vt 0.381944 0.378906
vt 0.368056 0.378906
vt 0.354167 0.378906
vt 0.340278 0.378906
vt 0.333333 0.378906
vt 0.326389 0.378906
vt 0.430556 0.298828
vt 0.423611 0.298828
vt 0.416667 0.298828
vt 0.409722 0.298828
vt 0.395833 0.298828
vt 0.381944 0.298828
vt 0.368056 0.298828
vt 0.354167 0.298828
vt 0.340278 0.298828
vt 0.333333 0.298828
vt 0.326389 0.298828
vt 0.430556 0.308594
vt 0.423611 0.308594
vt 0.416667 0.308594
vt 0.409722 0.308594
vt 0.395833 0.308594
vt 0.381944 0.308594
vt 0.368056 0.308594
vt 0.354167 0.308594
vt 0.340278 0.308594
vt 0.333333 0.308594
vt 0.326389 0.308594
vt 0.506944 0.318359
vt 0.513889 0.318359
vt 0.520833 0.318359
vt 0.527778 0.318359
vt 0.541667 0.318359
vt 0.555556 0.318359
vt 0.569444 0.318359
vt 0.583333 0.318359
vt 0.597222 0.318359
vt 0.604167 0.318359
vt 0.611111 0.318359
vt 0.506944 0.308594
vt 0.513889 0.308594
vt 0.520833 0.308594
vt 0.527778 0.308594
vt 0.541667 0.308594
vt 0.555556 0.308594
vt 0.569444 0.308594
vt 0.583333 0.308594
vt 0.597222 0.308594
vt 0.604167 0.308594
vt 0.611111 0.308594
vt 0.430556 0.411458
vt 0.423611 0.411458
vt 0.416667 0.411458
vt 0.409722 0.411458
vt 0.395833 0.411458
vt 0.381944 0.411458
vt 0.368056 0.411458
vt 0.354167 0.411458
vt 0.340278 0.411458
vt 0.333333 0.411458
vt 0.326389 0.411458
vt 0.506944 0.437500
vt 0.506944 0.424479
vt 0.513889 0.424479
vt 0.513889 0.437500
vt 0.520833 0.437500
vt 0.520833 0.424479
vt 0.527778 0.424479
vt 0.527778 0.437500
vt 0.541667 0.424479
vt 0.541667 0.437500
vt 0.555556 0.424479
vt 0.555556 0.437500
vt 0.569444 0.424479
vt 0.569444 0.437500
vt 0.583333 0.424479
vt 0.583333 0.437500
vt 0.597222 0.424479
vt 0.597222 0.437500
vt 0.604167 0.437500
vt 0.604167 0.424479
vt 0.611111 0.424479
vt 0.611111 0.437500
vt 0.506944 0.276042
vt 0.513889 0.276042
vt 0.520833 0.276042
vt 0.527778 0.276042
vt 0.541667 0.276042
vt 0.555556 0.276042
vt 0.569444 0.276042
vt 0.583333 0.276042
vt 0.597222 0.276042
vt 0.604167 0.276042
vt 0.611111 0.276042
vt 0.430556 0.250000
vt 0.430556 0.263021
vt 0.423611 0.263021
vt 0.423611 0.250000
vt 0.416667 0.250000
vt 0.416667 0.263021
vt 0.409722 0.263021
vt 0.409722 0.250000
vt 0.395833 0.263021
vt 0.395833 0.250000
vt 0.381944 0.263021
vt 0.381944 0.250000
vt 0.368056 0.263021
vt 0.368056 0.250000
vt 0.354167 0.263021
vt 0.354167 0.250000
vt 0.340278 0.263021
vt 0.340278 0.250000
vt 0.333333 0.250000
vt 0.333333 0.263021
vt 0.326389 0.263021
vt 0.326389 0.250000
vt 0.562500 0.489583
vt 0.562500 0.500000
vt 0.437500 0.447917
vt 0.500000 0.263021
vt 0.500000 0.250000
vt 0.500000 0.351562
vt 0.500000 0.343750
vt 0.500000 0.335938
vt 0.500000 0.328125
vt 0.500000 0.369141
vt 0.500000 0.359375
vt 0.500000 0.411458
vt 0.500000 0.398438
vt 0.500000 0.298828
vt 0.500000 0.289062
vt 0.500000 0.388672
vt 0.500000 0.378906
vt 0.500000 0.318359
vt 0.500000 0.308594
vt 0.500000 0.437500
vt 0.500000 0.424479
vt 0.500000 0.276042
vt 0.444444 0.437500
vt 0.444444 0.447917
vt 0.444444 0.458333
vt 0.437500 0.458333
vt 0.444444 0.468750
vt 0.437500 0.468750
vt 0.444444 0.479167
vt 0.437500 0.479167
vt 0.319444 0.500000
vt 0.312500 0.500000
vt 0.312500 0.489583
vt 0.319444 0.489583
vt 0.312500 0.479167
vt 0.319444 0.479167
vt 0.312500 0.468750
vt 0.319444 0.468750
vt 0.312500 0.458333
vt 0.319444 0.458333
vt 0.489583 0.437500
vt 0.489583 0.424479
vt 0.479167 0.437500
vt 0.479167 0.424479
vt 0.468750 0.437500
vt 0.468750 0.424479
vt 0.458333 0.437500
vt 0.458333 0.424479
vt 0.302083 0.437500
vt 0.302083 0.424479
vt 0.291667 0.437500
vt 0.291667 0.424479
vt 0.281250 0.437500
vt 0.281250 0.424479
vt 0.270833 0.437500
vt 0.270833 0.424479
vt 0.489583 0.343750
vt 0.489583 0.335938
vt 0.479167 0.343750
vt 0.479167 0.335938
vt 0.468750 0.343750
vt 0.468750 0.335938
vt 0.458333 0.343750
vt 0.458333 0.335938
vt 0.302083 0.343750
vt 0.302083 0.335938
vt 0.291667 0.343750
vt 0.291667 0.335938
vt 0.281250 0.343750
vt 0.281250 0.335938
vt 0.270833 0.343750
vt 0.270833 0.335938
vt 0.489583 0.328125
vt 0.489583 0.318359
vt 0.479167 0.328125
vt 0.479167 0.318359
vt 0.468750 0.328125
vt 0.468750 0.318359
vt 0.458333 0.328125
vt 0.458333 0.318359
vt 0.302083 0.328125
vt 0.302083 0.318359
vt 0.291667 0.328125
vt 0.291667 0.318359
vt 0.281250 0.328125
vt 0.281250 0.318359
vt 0.270833 0.328125
vt 0.270833 0.318359
vt 0.489583 0.359375
vt 0.489583 0.351562
vt 0.479167 0.359375
vt 0.479167 0.351562
vt 0.468750 0.359375
vt 0.468750 0.351562
vt 0.458333 0.359375
vt 0.458333 0.351562
vt 0.302083 0.359375
vt 0.302083 0.351562
vt 0.291667 0.359375
vt 0.291667 0.351562
vt 0.281250 0.359375
vt 0.281250 0.351562
vt 0.270833 0.359375
vt 0.270833 0.351562
vt 0.489583 0.398438
vt 0.489583 0.388672
vt 0.479167 0.398438
vt 0.479167 0.388672
vt 0.468750 0.398438
vt 0.468750 0.388672
vt 0.458333 0.398438
vt 0.458333 0.388672
vt 0.302083 0.398438
vt 0.302083 0.388672
vt 0.291667 0.398438
vt 0.291667 0.388672
vt 0.281250 0.398438
vt 0.281250 0.388672
vt 0.270833 0.398438
vt 0.270833 0.388672
vt 0.489583 0.289062
vt 0.489583 0.276042
vt 0.479167 0.289062
vt 0.479167 0.276042
vt 0.468750 0.289062
vt 0.468750 0.276042
vt 0.458333 0.289062
vt 0.458333 0.276042
vt 0.302083 0.289062
vt 0.302083 0.276042
vt 0.291667 0.289062
vt 0.291667 0.276042
vt 0.281250 0.289062
vt 0.281250 0.276042
vt 0.270833 0.289062
vt 0.270833 0.276042
vt 0.489583 0.369141
vt 0.479167 0.369141
vt 0.468750 0.369141
vt 0.458333 0.369141
vt 0.489583 0.378906
vt 0.479167 0.378906
vt 0.468750 0.378906
vt 0.458333 0.378906
vt 0.302083 0.369141
vt 0.291667 0.369141
vt 0.281250 0.369141
vt 0.270833 0.369141
vt 0.302083 0.378906
vt 0.291667 0.378906
vt 0.281250 0.378906
vt 0.270833 0.378906
vt 0.489583 0.298828
vt 0.479167 0.298828
vt 0.468750 0.298828
vt 0.458333 0.298828
vt 0.489583 0.308594
vt 0.479167 0.308594
vt 0.468750 0.308594
vt 0.458333 0.308594
vt 0.302083 0.298828
vt 0.291667 0.298828
vt 0.281250 0.298828
vt 0.270833 0.298828
vt 0.302083 0.308594
vt 0.291667 0.308594
vt 0.281250 0.308594
vt 0.270833 0.308594
vt 0.489583 0.411458
vt 0.479167 0.411458
vt 0.468750 0.411458
vt 0.458333 0.411458
vt 0.302083 0.411458
vt 0.291667 0.411458
vt 0.281250 0.411458
vt 0.270833 0.411458
vt 0.489583 0.263021
vt 0.489583 0.250000
vt 0.479167 0.263021
vt 0.479167 0.250000
vt 0.468750 0.263021
vt 0.468750 0.250000
vt 0.458333 0.263021
vt 0.458333 0.250000
vt 0.302083 0.263021
vt 0.302083 0.250000
vt 0.291667 0.263021
vt 0.291667 0.250000
vt 0.281250 0.263021
vt 0.281250 0.250000
vt 0.270833 0.263021
vt 0.270833 0.250000
vt 0.555556 0.447917
vt 0.548611 0.447917
vt 0.548611 0.437500
vt 0.555556 0.458333
vt 0.548611 0.458333
vt 0.555556 0.468750
vt 0.548611 0.468750
vt 0.555556 0.479167
vt 0.548611 0.479167
vt 0.541667 0.437500
vt 0.541667 0.447917
vt 0.534722 0.447917
vt 0.534722 0.437500
vt 0.541667 0.458333
vt 0.534722 0.458333
vt 0.541667 0.468750
vt 0.534722 0.468750
vt 0.541667 0.479167
vt 0.534722 0.479167
vt 0.520833 0.447917
vt 0.520833 0.437500
vt 0.520833 0.458333
vt 0.520833 0.468750
vt 0.520833 0.479167
vt 0.506944 0.447917
vt 0.506944 0.458333
vt 0.506944 0.468750
vt 0.506944 0.479167
vt 0.493056 0.447917
vt 0.493056 0.437500
vt 0.493056 0.458333
vt 0.493056 0.468750
vt 0.493056 0.479167
vt 0.479167 0.447917
vt 0.479167 0.458333
vt 0.479167 0.468750
vt 0.479167 0.479167
vt 0.465278 0.447917
vt 0.465278 0.437500
vt 0.465278 0.458333
vt 0.465278 0.468750
vt 0.465278 0.479167
vt 0.458333 0.447917
vt 0.451389 0.447917
vt 0.451389 0.437500
vt 0.458333 0.458333
vt 0.451389 0.458333
vt 0.458333 0.468750
vt 0.451389 0.468750
vt 0.458333 0.479167
vt 0.451389 0.479167
vt 0.430556 0.500000
vt 0.423611 0.500000
vt 0.423611 0.489583
vt 0.430556 0.489583
vt 0.423611 0.479167
vt 0.430556 0.479167
vt 0.423611 0.468750
vt 0.430556 0.468750
vt 0.423611 0.458333
vt 0.430556 0.458333
vt 0.416667 0.500000
vt 0.409722 0.500000
vt 0.409722 0.489583
vt 0.416667 0.489583
vt 0.409722 0.479167
vt 0.416667 0.479167
vt 0.409722 0.468750
vt 0.416667 0.468750
vt 0.409722 0.458333
vt 0.416667 0.458333
vt 0.395833 0.500000
vt 0.395833 0.489583
vt 0.395833 0.479167
vt 0.395833 0.468750
vt 0.395833 0.458333
vt 0.381944 0.500000
vt 0.381944 0.489583
vt 0.381944 0.479167
vt 0.381944 0.468750
vt 0.381944 0.458333
vt 0.368056 0.500000
vt 0.368056 0.489583
vt 0.368056 0.479167
vt 0.368056 0.468750
vt 0.368056 0.458333
vt 0.354167 0.500000
vt 0.354167 0.489583
vt 0.354167 0.479167
vt 0.354167 0.468750
vt 0.354167 0.458333
vt 0.340278 0.500000
vt 0.340278 0.489583
vt 0.340278 0.479167
vt 0.340278 0.468750
vt 0.340278 0.458333
vt 0.333333 0.500000
vt 0.326389 0.500000
vt 0.326389 0.489583
vt 0.333333 0.489583
vt 0.326389 0.479167
vt 0.333333 0.479167
vt 0.326389 0.468750
vt 0.333333 0.468750
vt 0.326389 0.458333
vt 0.333333 0.458333
vt 0.562500 0.437500
vt 0.562500 0.447917
vt 0.562500 0.458333
vt 0.562500 0.468750
vt 0.562500 0.479167
s 0
usemtl Skin
f 1/1/1 2/2/1 3/3/1 4/4/1
f 5/3/2 8/5/2 7/6/2 6/4/2
f 17/7/3 5/1/3 6/4/3 18/8/3
f 18/8/4 6/4/4 7/6/4 19/9/4 211/10/4 193/11/4 225/12/4
f 19/9/5 7/6/5 8/13/5 20/14/5
f 13/15/6 1/16/6 4/17/6 16/18/6
f 13/15/3 9/19/3 10/20/3 206/21/3 188/22/3 220/23/3 14/24/3
f 249/25/4 205/26/4 11/27/4 207/28/4
f 15/29/5 221/30/5 189/31/5 207/28/5 11/27/5 12/32/5 16/33/5
f 17/7/6 9/19/6 12/34/6 20/35/6
f 9/19/6 13/15/6 16/18/6 12/34/6
f 1/16/3 13/15/3 14/24/3 2/36/3
f 2/36/4 14/24/4 222/37/4 190/38/4 208/39/4 15/29/4 3/40/4
f 3/40/5 15/29/5 16/33/5 4/41/5
f 9/19/3 17/7/3 18/8/3 223/42/3 191/43/3 209/44/3 10/20/3
f 250/45/4 211/10/4 19/9/4 224/46/4
f 11/27/5 210/47/5 192/48/5 224/46/5 19/9/5 20/14/5 12/32/5
f 5/1/6 17/7/6 20/35/6 8/49/6
f 21/50/1 22/51/1 23/52/1 24/53/1
f 25/52/2 28/54/2 27/55/2 26/53/2
f 37/56/3 25/50/3 26/53/3 38/57/3
f 38/57/4 26/53/4 27/55/4 39/58/4 218/59/4 200/60/4 232/61/4
f 39/58/5 27/55/5 28/62/5 40/63/5
f 33/64/6 21/2/6 24/65/6 36/66/6
f 33/64/3 29/67/3 30/68/3 213/69/3 195/70/3 227/71/3 34/72/3
f 251/73/4 212/74/4 31/75/4 214/76/4
f 35/77/5 228/78/5 196/79/5 214/76/5 31/75/5 32/80/5 36/81/5
f 37/56/6 29/67/6 32/82/6 40/83/6
f 29/67/6 33/64/6 36/66/6 32/82/6
f 21/2/3 33/64/3 34/72/3 22/3/3
f 22/3/4 34/72/4 229/84/4 197/85/4 215/86/4 35/77/4 23/5/4
f 23/5/5 35/77/5 36/81/5 24/87/5
f 29/67/3 37/56/3 38/57/3 230/88/3 198/89/3 216/90/3 30/68/3
f 252/91/4 218/59/4 39/58/4 231/92/4
f 31/75/5 217/93/5 199/94/5 231/92/5 39/58/5 40/63/5 32/80/5
f 25/50/6 37/56/6 40/83/6 28/95/6
f 41/96/1 42/97/1 43/98/1 44/99/1
f 45/98/2 48/100/2 47/101/2 46/99/2
f 57/102/3 45/96/3 46/99/3 58/103/3
f 58/103/4 46/99/4 47/101/4 59/104/4
f 59/104/5 47/101/5 48/105/5 60/106/5
f 53/107/6 41/108/6 44/109/6 56/110/6 130/111/6 112/112/6 144/113/6
f 53/107/3 142/114/3 110/115/3 128/116/3 49/117/3 50/118/3 54/119/3
f 54/119/4 50/118/4 51/120/4 55/121/4
f 55/121/5 51/120/5 52/122/5 129/123/5 111/124/5 143/125/5 56/126/5
f 171/127/6 127/128/6 52/129/6 132/130/6
f 172/131/6 130/111/6 56/110/6 143/132/6
f 41/108/3 53/107/3 54/119/3 42/133/3
f 42/133/4 54/119/4 55/121/4 43/134/4
f 43/134/5 55/121/5 56/126/5 44/135/5
f 49/117/3 131/136/3 113/137/3 145/138/3 57/102/3 58/103/3 50/118/3
f 50/118/4 58/103/4 59/104/4 51/120/4
f 51/120/5 59/104/5 60/106/5 146/139/5 114/140/5 132/141/5 52/122/5
f 45/96/6 57/102/6 147/142/6 115/143/6 133/144/6 60/145/6 48/146/6
f 61/147/1 62/148/1 63/109/1 64/149/1
f 65/109/2 68/108/2 67/150/2 66/149/2
f 77/151/3 65/147/3 66/149/3 78/152/3
f 78/152/4 66/149/4 67/150/4 79/153/4
f 79/153/5 67/150/5 68/154/5 80/155/5
f 73/156/6 61/157/6 64/158/6 76/159/6 137/160/6 119/161/6 151/162/6
f 73/156/3 149/163/3 117/164/3 135/165/3 69/166/3 70/167/3 74/168/3
f 74/168/4 70/167/4 71/169/4 75/170/4
f 75/170/5 71/169/5 72/171/5 136/172/5 118/173/5 150/174/5 76/175/5
f 173/176/6 134/177/6 72/178/6 139/179/6
f 174/180/6 137/160/6 76/159/6 150/181/6
f 61/157/3 73/156/3 74/168/3 62/182/3
f 62/182/4 74/168/4 75/170/4 63/183/4
f 63/183/5 75/170/5 76/175/5 64/184/5
f 69/166/3 138/185/3 120/186/3 152/187/3 77/151/3 78/152/3 70/167/3
f 70/167/4 78/152/4 79/153/4 71/169/4
f 71/169/5 79/153/5 80/155/5 153/188/5 121/189/5 139/190/5 72/171/5
f 65/147/6 77/151/6 154/191/6 122/192/6 140/193/6 80/194/6 68/195/6
f 1049/196/1 656/197/1 83/198/1 774/199/1
f 1058/200/2 784/201/2 87/202/2 658/203/2
f 928/204/3 783/205/3 86/206/3 300/207/3
f 686/208/4 658/203/4 87/202/4 302/209/4
f 938/210/5 788/211/5 88/95/5 304/212/5
f 690/213/6 655/214/6 84/135/6 312/215/6
f 853/216/3 793/217/3 90/218/3 270/219/3
f 671/220/4 659/221/4 91/222/4 271/223/4
f 858/224/5 798/225/5 92/82/5 272/226/5
f 669/227/6 660/228/6 92/122/6 268/140/6
f 672/229/6 661/230/6 96/126/6 272/124/6
f 903/231/3 803/232/3 94/233/3 290/234/3
f 681/235/4 662/236/4 95/237/4 293/238/4
f 918/239/5 808/240/5 96/66/5 296/241/5
f 843/242/3 813/243/3 98/244/3 266/245/3
f 670/246/4 663/247/4 99/248/4 267/249/4
f 848/250/5 818/251/5 100/83/5 268/252/5
f 675/253/6 664/254/6 100/106/6 284/255/6
f 873/256/3 823/257/3 102/258/3 276/259/3
f 678/260/4 665/261/4 103/262/4 279/263/4
f 888/264/5 828/265/5 104/266/5 282/267/5
f 688/268/6 666/269/6 104/270/6 303/271/6
f 684/272/6 667/273/6 108/274/6 294/275/6
f 948/276/3 833/277/3 106/278/3 307/279/3
f 692/280/4 668/281/4 107/282/4 309/283/4
f 958/284/5 838/285/5 108/286/5 311/287/5
f 175/288/6 155/289/6 114/290/6 146/291/6
f 176/292/6 156/293/6 123/294/6 157/295/6
f 177/296/6 141/297/6 109/298/6 158/299/6
f 178/300/6 159/301/6 111/302/6 129/303/6
f 179/304/6 160/305/6 124/306/6 161/307/6
f 180/308/6 144/113/6 112/112/6 162/309/6
f 181/310/6 163/311/6 121/312/6 153/313/6
f 182/314/6 164/315/6 125/316/6 165/317/6
f 183/318/6 148/319/6 116/320/6 166/321/6
f 184/322/6 167/323/6 118/324/6 136/325/6
f 185/326/6 168/327/6 126/328/6 169/329/6
f 186/330/6 151/162/6 119/161/6 170/331/6
f 155/289/6 171/127/6 132/130/6 114/290/6
f 123/294/6 158/299/6 171/127/6 155/289/6
f 158/299/6 109/298/6 127/128/6 171/127/6
f 159/301/6 172/131/6 143/132/6 111/302/6
f 124/306/6 162/309/6 172/131/6 159/301/6
f 162/309/6 112/112/6 130/111/6 172/131/6
f 163/311/6 173/176/6 139/179/6 121/312/6
f 125/316/6 166/321/6 173/176/6 163/311/6
f 166/321/6 116/320/6 134/177/6 173/176/6
f 167/323/6 174/180/6 150/181/6 118/324/6
f 126/328/6 170/331/6 174/180/6 167/323/6
f 170/331/6 119/161/6 137/160/6 174/180/6
f 133/144/6 175/288/6 146/291/6 60/145/6
f 115/143/6 157/295/6 175/288/6 133/144/6
f 157/295/6 123/294/6 155/289/6 175/288/6
f 147/142/6 176/292/6 157/295/6 115/143/6
f 57/102/6 145/138/6 176/292/6 147/142/6
f 145/138/6 113/137/6 156/293/6 176/292/6
f 156/293/6 177/296/6 158/299/6 123/294/6
f 113/137/6 131/136/6 177/296/6 156/293/6
f 131/136/6 49/117/6 141/297/6 177/296/6
f 127/128/6 178/300/6 129/303/6 52/129/6
f 109/298/6 161/307/6 178/300/6 127/128/6
f 161/307/6 124/306/6 159/301/6 178/300/6
f 141/297/6 179/304/6 161/307/6 109/298/6
f 49/117/6 128/116/6 179/304/6 141/297/6
f 128/116/6 110/115/6 160/305/6 179/304/6
f 160/305/6 180/308/6 162/309/6 124/306/6
f 110/115/6 142/114/6 180/308/6 160/305/6
f 142/114/6 53/107/6 144/113/6 180/308/6
f 140/193/6 181/310/6 153/313/6 80/194/6
f 122/192/6 165/317/6 181/310/6 140/193/6
f 165/317/6 125/316/6 163/311/6 181/310/6
f 154/191/6 182/314/6 165/317/6 122/192/6
f 77/151/6 152/187/6 182/314/6 154/191/6
f 152/187/6 120/186/6 164/315/6 182/314/6
f 164/315/6 183/318/6 166/321/6 125/316/6
f 120/186/6 138/185/6 183/318/6 164/315/6
f 138/185/6 69/166/6 148/319/6 183/318/6
f 134/177/6 184/322/6 136/325/6 72/178/6
f 116/320/6 169/329/6 184/322/6 134/177/6
f 169/329/6 126/328/6 167/323/6 184/322/6
f 148/319/6 185/326/6 169/329/6 116/320/6
f 69/166/6 135/165/6 185/326/6 148/319/6
f 135/165/6 117/164/6 168/327/6 185/326/6
f 168/327/6 186/330/6 170/331/6 126/328/6
f 117/164/6 149/163/6 186/330/6 168/327/6
f 149/163/6 73/156/6 151/162/6 186/330/6
f 253/332/4 233/333/4 189/31/4 221/30/4
f 254/334/4 234/335/4 201/336/4 235/337/4
f 255/338/4 219/339/4 187/340/4 236/341/4
f 256/342/4 237/343/4 192/48/4 210/47/4
f 257/344/4 238/345/4 202/346/4 239/347/4
f 258/348/4 225/12/4 193/11/4 240/349/4
f 259/350/4 241/351/4 196/79/4 228/78/4
f 260/352/4 242/353/4 203/354/4 243/355/4
f 261/356/4 226/357/4 194/358/4 244/359/4
f 262/360/4 245/361/4 199/94/4 217/93/4
f 263/362/4 246/363/4 204/364/4 247/365/4
f 264/366/4 232/61/4 200/60/4 248/367/4
f 233/333/4 249/25/4 207/28/4 189/31/4
f 201/336/4 236/341/4 249/25/4 233/333/4
f 236/341/4 187/340/4 205/26/4 249/25/4
f 237/343/4 250/45/4 224/46/4 192/48/4
f 202/346/4 240/349/4 250/45/4 237/343/4
f 240/349/4 193/11/4 211/10/4 250/45/4
f 241/351/4 251/73/4 214/76/4 196/79/4
f 203/354/4 244/359/4 251/73/4 241/351/4
f 244/359/4 194/358/4 212/74/4 251/73/4
f 245/361/4 252/91/4 231/92/4 199/94/4
f 204/364/4 248/367/4 252/91/4 245/361/4
f 248/367/4 200/60/4 218/59/4 252/91/4
f 208/39/4 253/332/4 221/30/4 15/29/4
f 190/38/4 235/337/4 253/332/4 208/39/4
f 235/337/4 201/336/4 233/333/4 253/332/4
f 222/37/4 254/334/4 235/337/4 190/38/4
f 14/24/4 220/23/4 254/334/4 222/37/4
f 220/23/4 188/22/4 234/335/4 254/334/4
f 234/335/4 255/338/4 236/341/4 201/336/4
f 188/22/4 206/21/4 255/338/4 234/335/4
f 206/21/4 10/20/4 219/339/4 255/338/4
f 205/26/4 256/342/4 210/47/4 11/27/4
f 187/340/4 239/347/4 256/342/4 205/26/4
f 239/347/4 202/346/4 237/343/4 256/342/4
f 219/339/4 257/344/4 239/347/4 187/340/4
f 10/20/4 209/44/4 257/344/4 219/339/4
f 209/44/4 191/43/4 238/345/4 257/344/4
f 238/345/4 258/348/4 240/349/4 202/346/4
f 191/43/4 223/42/4 258/348/4 238/345/4
f 223/42/4 18/8/4 225/12/4 258/348/4
f 215/86/4 259/350/4 228/78/4 35/77/4
f 197/85/4 243/355/4 259/350/4 215/86/4
f 243/355/4 203/354/4 241/351/4 259/350/4
f 229/84/4 260/352/4 243/355/4 197/85/4
f 34/72/4 227/71/4 260/352/4 229/84/4
f 227/71/4 195/70/4 242/353/4 260/352/4
f 242/353/4 261/356/4 244/359/4 203/354/4
f 195/70/4 213/69/4 261/356/4 242/353/4
f 213/69/4 30/68/4 226/357/4 261/356/4
f 212/74/4 262/360/4 217/93/4 31/75/4
f 194/358/4 247/365/4 262/360/4 212/74/4
f 247/365/4 204/364/4 245/361/4 262/360/4
f 226/357/4 263/362/4 247/365/4 194/358/4
f 30/68/4 216/90/4 263/362/4 226/357/4
f 216/90/4 198/89/4 246/363/4 263/362/4
f 246/363/4 264/366/4 248/367/4 204/364/4
f 198/89/4 230/88/4 264/366/4 246/363/4
f 230/88/4 38/57/4 232/61/4 264/366/4
f 664/254/6 669/227/6 268/140/6 100/106/6
f 793/217/3 843/242/3 266/245/3 90/218/3
f 659/221/4 670/246/4 267/249/4 91/222/4
f 798/225/5 848/250/5 268/252/5 92/82/5
f 803/232/3 853/216/3 270/219/3 94/233/3
f 662/236/4 671/220/4 271/223/4 95/237/4
f 808/240/5 858/224/5 272/226/5 96/66/5
f 660/228/6 672/229/6 272/124/6 92/122/6
f 666/269/6 673/368/6 282/369/6 104/270/6
f 673/368/6 674/370/6 283/371/6 282/369/6
f 674/370/6 675/253/6 284/255/6 283/371/6
f 813/243/3 863/372/3 278/373/3 98/244/3
f 863/372/3 868/374/3 277/375/3 278/373/3
f 868/374/3 873/256/3 276/259/3 277/375/3
f 663/247/4 676/376/4 281/377/4 99/248/4
f 676/376/4 677/378/4 280/379/4 281/377/4
f 677/378/4 678/260/4 279/263/4 280/379/4
f 818/251/5 878/380/5 284/381/5 100/83/5
f 878/380/5 883/382/5 283/383/5 284/381/5
f 883/382/5 888/264/5 282/267/5 283/383/5
f 833/277/3 893/384/3 288/385/3 106/278/3
f 893/384/3 898/386/3 289/387/3 288/385/3
f 898/386/3 903/231/3 290/234/3 289/387/3
f 668/281/4 679/388/4 291/389/4 107/282/4
f 679/388/4 680/390/4 292/391/4 291/389/4
f 680/390/4 681/235/4 293/238/4 292/391/4
f 838/285/5 908/392/5 294/393/5 108/286/5
f 908/392/5 913/394/5 295/395/5 294/393/5
f 913/394/5 918/239/5 296/241/5 295/395/5
f 661/230/6 682/396/6 296/397/6 96/126/6
f 682/396/6 683/398/6 295/399/6 296/397/6
f 683/398/6 684/272/6 294/275/6 295/399/6
f 823/257/3 923/400/3 299/401/3 102/258/3
f 923/400/3 928/204/3 300/207/3 299/401/3
f 665/261/4 685/402/4 301/403/4 103/262/4
f 685/402/4 686/208/4 302/209/4 301/403/4
f 828/265/5 933/404/5 303/405/5 104/266/5
f 933/404/5 938/210/5 304/212/5 303/405/5
f 657/406/6 687/407/6 304/408/6 88/105/6
f 687/407/6 688/268/6 303/271/6 304/408/6
f 667/273/6 689/409/6 311/410/6 108/274/6
f 689/409/6 690/213/6 312/215/6 311/410/6
f 773/411/3 943/412/3 308/413/3 82/414/3
f 943/412/3 948/276/3 307/279/3 308/413/3
f 656/415/4 691/416/4 310/417/4 83/418/4
f 691/416/4 692/280/4 309/283/4 310/417/4
f 778/419/5 953/420/5 312/421/5 84/65/5
f 953/420/5 958/284/5 311/287/5 312/421/5
f 1039/422/1 618/423/1 321/424/1 959/425/1
f 1059/426/1 694/427/1 322/428/1 964/429/1
f 964/429/1 322/428/1 323/430/1 969/431/1
f 969/431/1 323/430/1 324/432/1 974/433/1
f 974/433/1 324/432/1 325/434/1 979/435/1
f 979/435/1 325/434/1 326/436/1 984/437/1
f 984/437/1 326/436/1 327/438/1 989/439/1
f 1069/440/1 732/441/1 328/442/1 994/443/1
f 1048/444/2 1003/445/2 337/446/2 620/447/2
f 1068/448/2 1008/449/2 338/450/2 696/451/2
f 1008/449/2 1013/452/2 339/453/2 338/450/2
f 1013/452/2 1018/454/2 340/455/2 339/453/2
f 1018/454/2 1023/456/2 341/457/2 340/455/2
f 1023/456/2 1028/458/2 342/459/2 341/457/2
f 1028/458/2 1033/460/2 343/461/2 342/459/2
f 1078/462/2 1038/463/2 344/464/2 734/465/2
f 648/466/4 620/447/4 337/446/4 561/467/4
f 724/468/4 696/451/4 338/450/4 562/469/4
f 562/469/4 338/450/4 339/453/4 563/470/4
f 563/470/4 339/453/4 340/455/4 564/471/4
f 564/471/4 340/455/4 341/457/4 565/472/4
f 565/472/4 341/457/4 342/459/4 566/473/4
f 566/473/4 342/459/4 343/461/4 567/474/4
f 762/475/4 734/465/4 344/464/4 568/476/4
f 652/477/6 617/478/6 313/479/6 593/480/6
f 728/481/6 693/482/6 314/483/6 594/484/6
f 594/484/6 314/483/6 315/485/6 595/486/6
f 595/486/6 315/485/6 316/487/6 596/488/6
f 596/488/6 316/487/6 317/489/6 597/490/6
f 597/490/6 317/489/6 318/491/6 598/492/6
f 598/492/6 318/491/6 319/493/6 599/494/6
f 766/495/6 731/496/6 320/497/6 600/498/6
f 633/499/4 621/500/4 345/501/4 441/502/4
f 709/503/4 697/504/4 346/505/4 442/506/4
f 442/506/4 346/505/4 347/507/4 443/508/4
f 443/508/4 347/507/4 348/509/4 444/510/4
f 444/510/4 348/509/4 349/511/4 445/512/4
f 445/512/4 349/511/4 350/513/4 446/514/4
f 446/514/4 350/513/4 351/515/4 447/516/4
f 747/517/4 735/518/4 352/519/4 448/520/4
f 631/521/6 622/522/6 353/523/6 425/524/6
f 707/525/6 698/526/6 354/527/6 426/528/6
f 426/528/6 354/527/6 355/529/6 427/530/6
f 427/530/6 355/529/6 356/531/6 428/532/6
f 428/532/6 356/531/6 357/533/6 429/534/6
f 429/534/6 357/533/6 358/535/6 430/536/6
f 430/536/6 358/535/6 359/537/6 431/538/6
f 745/539/6 736/540/6 360/541/6 432/542/6
f 634/543/6 623/544/6 361/545/6 449/546/6
f 710/547/6 699/548/6 362/549/6 450/550/6
f 450/550/6 362/549/6 363/551/6 451/552/6
f 451/552/6 363/551/6 364/553/6 452/554/6
f 452/554/6 364/553/6 365/555/6 453/556/6
f 453/556/6 365/555/6 366/557/6 454/558/6
f 454/558/6 366/557/6 367/559/6 455/560/6
f 748/561/6 737/562/6 368/563/6 456/564/6
f 643/565/4 624/566/4 369/567/4 521/568/4
f 719/569/4 700/570/4 370/571/4 522/572/4
f 522/572/4 370/571/4 371/573/4 523/574/4
f 523/574/4 371/573/4 372/575/4 524/576/4
f 524/576/4 372/575/4 373/577/4 525/578/4
f 525/578/4 373/577/4 374/579/4 526/580/4
f 526/580/4 374/579/4 375/581/4 527/582/4
f 757/583/4 738/584/4 376/585/4 528/586/4
f 632/587/4 625/588/4 377/589/4 433/590/4
f 708/591/4 701/592/4 378/593/4 434/594/4
f 434/594/4 378/593/4 379/595/4 435/596/4
f 435/596/4 379/595/4 380/597/4 436/598/4
f 436/598/4 380/597/4 381/599/4 437/600/4
f 437/600/4 381/599/4 382/601/4 438/602/4
f 438/602/4 382/601/4 383/603/4 439/604/4
f 746/605/4 739/606/4 384/607/4 440/608/4
f 637/609/6 626/610/6 385/611/6 473/612/6
f 713/613/6 702/614/6 386/615/6 474/616/6
f 474/616/6 386/615/6 387/617/6 475/618/6
f 475/618/6 387/617/6 388/619/6 476/620/6
f 476/620/6 388/619/6 389/621/6 477/622/6
f 477/622/6 389/621/6 390/623/6 478/624/6
f 478/624/6 390/623/6 391/625/6 479/626/6
f 751/627/6 740/628/6 392/629/6 480/630/6
f 640/631/4 627/632/4 393/633/4 497/634/4
f 716/635/4 703/636/4 394/637/4 498/638/4
f 498/638/4 394/637/4 395/639/4 499/640/4
f 499/640/4 395/639/4 396/641/4 500/642/4
f 500/642/4 396/641/4 397/643/4 501/644/4
f 501/644/4 397/643/4 398/645/4 502/646/4
f 502/646/4 398/645/4 399/647/4 503/648/4
f 754/649/4 741/650/4 400/651/4 504/652/4
f 650/653/6 628/654/6 401/655/6 577/656/6
f 726/657/6 704/658/6 402/659/6 578/660/6
f 578/660/6 402/659/6 403/661/6 579/662/6
f 579/662/6 403/661/6 404/663/6 580/664/6
f 580/664/6 404/663/6 405/665/6 581/666/6
f 581/666/6 405/665/6 406/667/6 582/668/6
f 582/668/6 406/667/6 407/669/6 583/670/6
f 764/671/6 742/672/6 408/673/6 584/674/6
f 646/675/6 629/676/6 409/677/6 545/678/6
f 722/679/6 705/680/6 410/681/6 546/682/6
f 546/682/6 410/681/6 411/683/6 547/684/6
f 547/684/6 411/683/6 412/685/6 548/686/6
f 548/686/6 412/685/6 413/687/6 549/688/6
f 549/688/6 413/687/6 414/689/6 550/690/6
f 550/690/6 414/689/6 415/691/6 551/692/6
f 760/693/6 743/694/6 416/695/6 552/696/6
f 654/697/4 630/698/4 417/699/4 609/700/4
f 730/701/4 706/702/4 418/703/4 610/704/4
f 610/704/4 418/703/4 419/705/4 611/706/4
f 611/706/4 419/705/4 420/707/4 612/708/4
f 612/708/4 420/707/4 421/709/4 613/710/4
f 613/710/4 421/709/4 422/711/4 614/712/4
f 614/712/4 422/711/4 423/713/4 615/714/4
f 768/715/4 744/716/4 424/717/4 616/718/4
f 626/610/6 631/521/6 425/524/6 385/611/6
f 702/614/6 707/525/6 426/528/6 386/615/6
f 386/615/6 426/528/6 427/530/6 387/617/6
f 387/617/6 427/530/6 428/532/6 388/619/6
f 388/619/6 428/532/6 429/534/6 389/621/6
f 389/621/6 429/534/6 430/536/6 390/623/6
f 390/623/6 430/536/6 431/538/6 391/625/6
f 740/628/6 745/539/6 432/542/6 392/629/6
f 621/500/4 632/587/4 433/590/4 345/501/4
f 697/504/4 708/591/4 434/594/4 346/505/4
f 346/505/4 434/594/4 435/596/4 347/507/4
f 347/507/4 435/596/4 436/598/4 348/509/4
f 348/509/4 436/598/4 437/600/4 349/511/4
f 349/511/4 437/600/4 438/602/4 350/513/4
f 350/513/4 438/602/4 439/604/4 351/515/4
f 735/518/4 746/605/4 440/608/4 352/519/4
f 624/566/4 633/499/4 441/502/4 369/567/4
f 700/570/4 709/503/4 442/506/4 370/571/4
f 370/571/4 442/506/4 443/508/4 371/573/4
f 371/573/4 443/508/4 444/510/4 372/575/4
f 372/575/4 444/510/4 445/512/4 373/577/4
f 373/577/4 445/512/4 446/514/4 374/579/4
f 374/579/4 446/514/4 447/516/4 375/581/4
f 738/584/4 747/517/4 448/520/4 376/585/4
f 622/522/6 634/543/6 449/546/6 353/523/6
f 698/526/6 710/547/6 450/550/6 354/527/6
f 354/527/6 450/550/6 451/552/6 355/529/6
f 355/529/6 451/552/6 452/554/6 356/531/6
f 356/531/6 452/554/6 453/556/6 357/533/6
f 357/533/6 453/556/6 454/558/6 358/535/6
f 358/535/6 454/558/6 455/560/6 359/537/6
f 736/540/6 748/561/6 456/564/6 360/541/6
f 628/654/6 635/719/6 457/720/6 401/655/6
f 704/658/6 711/721/6 458/722/6 402/659/6
f 402/659/6 458/722/6 459/723/6 403/661/6
f 403/661/6 459/723/6 460/724/6 404/663/6
f 404/663/6 460/724/6 461/725/6 405/665/6
f 405/665/6 461/725/6 462/726/6 406/667/6
f 406/667/6 462/726/6 463/727/6 407/669/6
f 742/672/6 749/728/6 464/729/6 408/673/6
f 635/719/6 636/730/6 465/731/6 457/720/6
f 711/721/6 712/732/6 466/733/6 458/722/6
f 458/722/6 466/733/6 467/734/6 459/723/6
f 459/723/6 467/734/6 468/735/6 460/724/6
f 460/724/6 468/735/6 469/736/6 461/725/6
f 461/725/6 469/736/6 470/737/6 462/726/6
f 462/726/6 470/737/6 471/738/6 463/727/6
f 749/728/6 750/739/6 472/740/6 464/729/6
f 636/730/6 637/609/6 473/612/6 465/731/6
f 712/732/6 713/613/6 474/616/6 466/733/6
f 466/733/6 474/616/6 475/618/6 467/734/6
f 467/734/6 475/618/6 476/620/6 468/735/6
f 468/735/6 476/620/6 477/622/6 469/736/6
f 469/736/6 477/622/6 478/624/6 470/737/6
f 470/737/6 478/624/6 479/626/6 471/738/6
f 750/739/6 751/627/6 480/630/6 472/740/6
f 625/588/4 638/741/4 481/742/4 377/589/4
f 701/592/4 714/743/4 482/744/4 378/593/4
f 378/593/4 482/744/4 483/745/4 379/595/4
f 379/595/4 483/745/4 484/746/4 380/597/4
f 380/597/4 484/746/4 485/747/4 381/599/4
f 381/599/4 485/747/4 486/748/4 382/601/4
f 382/601/4 486/748/4 487/749/4 383/603/4
f 739/606/4 752/750/4 488/751/4 384/607/4
f 638/741/4 639/752/4 489/753/4 481/742/4
f 714/743/4 715/754/4 490/755/4 482/744/4
f 482/744/4 490/755/4 491/756/4 483/745/4
f 483/745/4 491/756/4 492/757/4 484/746/4
f 484/746/4 492/757/4 493/758/4 485/747/4
f 485/747/4 493/758/4 494/759/4 486/748/4
f 486/748/4 494/759/4 495/760/4 487/749/4
f 752/750/4 753/761/4 496/762/4 488/751/4
f 639/752/4 640/631/4 497/634/4 489/753/4
f 715/754/4 716/635/4 498/638/4 490/755/4
f 490/755/4 498/638/4 499/640/4 491/756/4
f 491/756/4 499/640/4 500/642/4 492/757/4
f 492/757/4 500/642/4 501/644/4 493/758/4
f 493/758/4 501/644/4 502/646/4 494/759/4
f 494/759/4 502/646/4 503/648/4 495/760/4
f 753/761/4 754/649/4 504/652/4 496/762/4
f 630/698/4 641/763/4 505/764/4 417/699/4
f 706/702/4 717/765/4 506/766/4 418/703/4
f 418/703/4 506/766/4 507/767/4 419/705/4
f 419/705/4 507/767/4 508/768/4 420/707/4
f 420/707/4 508/768/4 509/769/4 421/709/4
f 421/709/4 509/769/4 510/770/4 422/711/4
f 422/711/4 510/770/4 511/771/4 423/713/4
f 744/716/4 755/772/4 512/773/4 424/717/4
f 641/763/4 642/774/4 513/775/4 505/764/4
f 717/765/4 718/776/4 514/777/4 506/766/4
f 506/766/4 514/777/4 515/778/4 507/767/4
f 507/767/4 515/778/4 516/779/4 508/768/4
f 508/768/4 516/779/4 517/780/4 509/769/4
f 509/769/4 517/780/4 518/781/4 510/770/4
f 510/770/4 518/781/4 519/782/4 511/771/4
f 755/772/4 756/783/4 520/784/4 512/773/4
f 642/774/4 643/565/4 521/568/4 513/775/4
f 718/776/4 719/569/4 522/572/4 514/777/4
f 514/777/4 522/572/4 523/574/4 515/778/4
f 515/778/4 523/574/4 524/576/4 516/779/4
f 516/779/4 524/576/4 525/578/4 517/780/4
f 517/780/4 525/578/4 526/580/4 518/781/4
f 518/781/4 526/580/4 527/582/4 519/782/4
f 756/783/4 757/583/4 528/586/4 520/784/4
f 623/544/6 644/785/6 529/786/6 361/545/6
f 699/548/6 720/787/6 530/788/6 362/549/6
f 362/549/6 530/788/6 531/789/6 363/551/6
f 363/551/6 531/789/6 532/790/6 364/553/6
f 364/553/6 532/790/6 533/791/6 365/555/6
f 365/555/6 533/791/6 534/792/6 366/557/6
f 366/557/6 534/792/6 535/793/6 367/559/6
f 737/562/6 758/794/6 536/795/6 368/563/6
f 644/785/6 645/796/6 537/797/6 529/786/6
f 720/787/6 721/798/6 538/799/6 530/788/6
f 530/788/6 538/799/6 539/800/6 531/789/6
f 531/789/6 539/800/6 540/801/6 532/790/6
f 532/790/6 540/801/6 541/802/6 533/791/6
f 533/791/6 541/802/6 542/803/6 534/792/6
f 534/792/6 542/803/6 543/804/6 535/793/6
f 758/794/6 759/805/6 544/806/6 536/795/6
f 645/796/6 646/675/6 545/678/6 537/797/6
f 721/798/6 722/679/6 546/682/6 538/799/6
f 538/799/6 546/682/6 547/684/6 539/800/6
f 539/800/6 547/684/6 548/686/6 540/801/6
f 540/801/6 548/686/6 549/688/6 541/802/6
f 541/802/6 549/688/6 550/690/6 542/803/6
f 542/803/6 550/690/6 551/692/6 543/804/6
f 759/805/6 760/693/6 552/696/6 544/806/6
f 627/632/4 647/807/4 553/808/4 393/633/4
f 703/636/4 723/809/4 554/810/4 394/637/4
f 394/637/4 554/810/4 555/811/4 395/639/4
f 395/639/4 555/811/4 556/812/4 396/641/4
f 396/641/4 556/812/4 557/813/4 397/643/4
f 397/643/4 557/813/4 558/814/4 398/645/4
f 398/645/4 558/814/4 559/815/4 399/647/4
f 741/650/4 761/816/4 560/817/4 400/651/4
f 647/807/4 648/466/4 561/467/4 553/808/4
f 723/809/4 724/468/4 562/469/4 554/810/4
f 554/810/4 562/469/4 563/470/4 555/811/4
f 555/811/4 563/470/4 564/471/4 556/812/4
f 556/812/4 564/471/4 565/472/4 557/813/4
f 557/813/4 565/472/4 566/473/4 558/814/4
f 558/814/4 566/473/4 567/474/4 559/815/4
f 761/816/4 762/475/4 568/476/4 560/817/4
f 619/818/6 649/819/6 569/820/6 329/821/6
f 695/822/6 725/823/6 570/824/6 330/825/6
f 330/825/6 570/824/6 571/826/6 331/827/6
f 331/827/6 571/826/6 572/828/6 332/829/6
f 332/829/6 572/828/6 573/830/6 333/831/6
f 333/831/6 573/830/6 574/832/6 334/833/6
f 334/833/6 574/832/6 575/834/6 335/835/6
f 733/836/6 763/837/6 576/838/6 336/839/6
f 649/819/6 650/653/6 577/656/6 569/820/6
f 725/823/6 726/657/6 578/660/6 570/824/6
f 570/824/6 578/660/6 579/662/6 571/826/6
f 571/826/6 579/662/6 580/664/6 572/828/6
f 572/828/6 580/664/6 581/666/6 573/830/6
f 573/830/6 581/666/6 582/668/6 574/832/6
f 574/832/6 582/668/6 583/670/6 575/834/6
f 763/837/6 764/671/6 584/674/6 576/838/6
f 629/676/6 651/840/6 585/841/6 409/677/6
f 705/680/6 727/842/6 586/843/6 410/681/6
f 410/681/6 586/843/6 587/844/6 411/683/6
f 411/683/6 587/844/6 588/845/6 412/685/6
f 412/685/6 588/845/6 589/846/6 413/687/6
f 413/687/6 589/846/6 590/847/6 414/689/6
f 414/689/6 590/847/6 591/848/6 415/691/6
f 743/694/6 765/849/6 592/850/6 416/695/6
f 651/840/6 652/477/6 593/480/6 585/841/6
f 727/842/6 728/481/6 594/484/6 586/843/6
f 586/843/6 594/484/6 595/486/6 587/844/6
f 587/844/6 595/486/6 596/488/6 588/845/6
f 588/845/6 596/488/6 597/490/6 589/846/6
f 589/846/6 597/490/6 598/492/6 590/847/6
f 590/847/6 598/492/6 599/494/6 591/848/6
f 765/849/6 766/495/6 600/498/6 592/850/6
f 618/851/4 653/852/4 601/853/4 321/854/4
f 694/855/4 729/856/4 602/857/4 322/858/4
f 322/858/4 602/857/4 603/859/4 323/860/4
f 323/860/4 603/859/4 604/861/4 324/862/4
f 324/862/4 604/861/4 605/863/4 325/864/4
f 325/864/4 605/863/4 606/865/4 326/866/4
f 326/866/4 606/865/4 607/867/4 327/868/4
f 732/869/4 767/870/4 608/871/4 328/872/4
f 653/852/4 654/697/4 609/700/4 601/853/4
f 729/856/4 730/701/4 610/704/4 602/857/4
f 602/857/4 610/704/4 611/706/4 603/859/4
f 603/859/4 611/706/4 612/708/4 604/861/4
f 604/861/4 612/708/4 613/710/4 605/863/4
f 605/863/4 613/710/4 614/712/4 606/865/4
f 606/865/4 614/712/4 615/714/4 607/867/4
f 767/870/4 768/715/4 616/718/4 608/871/4
f 773/873/1 82/874/1 618/423/1 1039/422/1
f 783/875/2 1048/444/2 620/447/2 86/206/2
f 300/207/4 86/206/4 620/447/4 648/466/4
f 306/876/6 81/877/6 617/478/6 652/477/6
f 270/219/4 90/218/4 621/500/4 633/499/4
f 265/878/6 89/879/6 622/522/6 631/521/6
f 269/880/6 93/881/6 623/544/6 634/543/6
f 290/234/4 94/233/4 624/566/4 643/565/4
f 266/245/4 98/244/4 625/588/4 632/587/4
f 275/882/6 97/883/6 626/610/6 637/609/6
f 276/259/4 102/258/4 627/632/4 640/631/4
f 297/884/6 101/885/6 628/654/6 650/653/6
f 285/886/6 105/887/6 629/676/6 646/675/6
f 307/279/4 106/278/4 630/698/4 654/697/4
f 97/883/6 265/878/6 631/521/6 626/610/6
f 90/218/4 266/245/4 632/587/4 621/500/4
f 94/233/4 270/219/4 633/499/4 624/566/4
f 89/879/6 269/880/6 634/543/6 622/522/6
f 101/885/6 273/888/6 635/719/6 628/654/6
f 273/888/6 274/889/6 636/730/6 635/719/6
f 274/889/6 275/882/6 637/609/6 636/730/6
f 98/244/4 278/373/4 638/741/4 625/588/4
f 278/373/4 277/375/4 639/752/4 638/741/4
f 277/375/4 276/259/4 640/631/4 639/752/4
f 106/278/4 288/385/4 641/763/4 630/698/4
f 288/385/4 289/387/4 642/774/4 641/763/4
f 289/387/4 290/234/4 643/565/4 642/774/4
f 93/881/6 287/890/6 644/785/6 623/544/6
f 287/890/6 286/891/6 645/796/6 644/785/6
f 286/891/6 285/886/6 646/675/6 645/796/6
f 102/258/4 299/401/4 647/807/4 627/632/4
f 299/401/4 300/207/4 648/466/4 647/807/4
f 85/892/6 298/893/6 649/819/6 619/818/6
f 298/893/6 297/884/6 650/653/6 649/819/6
f 105/887/6 305/894/6 651/840/6 629/676/6
f 305/894/6 306/876/6 652/477/6 651/840/6
f 82/414/4 308/413/4 653/852/4 618/851/4
f 308/413/4 307/279/4 654/697/4 653/852/4
f 994/443/1 328/442/1 656/197/1 1049/196/1
f 1038/463/2 1058/200/2 658/203/2 344/464/2
f 568/476/4 344/464/4 658/203/4 686/208/4
f 600/498/6 320/497/6 655/214/6 690/213/6
f 448/520/4 352/519/4 659/221/4 671/220/4
f 432/542/6 360/541/6 660/228/6 669/227/6
f 456/564/6 368/563/6 661/230/6 672/229/6
f 528/586/4 376/585/4 662/236/4 681/235/4
f 440/608/4 384/607/4 663/247/4 670/246/4
f 480/630/6 392/629/6 664/254/6 675/253/6
f 504/652/4 400/651/4 665/261/4 678/260/4
f 584/674/6 408/673/6 666/269/6 688/268/6
f 552/696/6 416/695/6 667/273/6 684/272/6
f 616/718/4 424/717/4 668/281/4 692/280/4
f 392/629/6 432/542/6 669/227/6 664/254/6
f 352/519/4 440/608/4 670/246/4 659/221/4
f 376/585/4 448/520/4 671/220/4 662/236/4
f 360/541/6 456/564/6 672/229/6 660/228/6
f 408/673/6 464/729/6 673/368/6 666/269/6
f 464/729/6 472/740/6 674/370/6 673/368/6
f 472/740/6 480/630/6 675/253/6 674/370/6
f 384/607/4 488/751/4 676/376/4 663/247/4
f 488/751/4 496/762/4 677/378/4 676/376/4
f 496/762/4 504/652/4 678/260/4 677/378/4
f 424/717/4 512/773/4 679/388/4 668/281/4
f 512/773/4 520/784/4 680/390/4 679/388/4
f 520/784/4 528/586/4 681/235/4 680/390/4
f 368/563/6 536/795/6 682/396/6 661/230/6
f 536/795/6 544/806/6 683/398/6 682/396/6
f 544/806/6 552/696/6 684/272/6 683/398/6
f 400/651/4 560/817/4 685/402/4 665/261/4
f 560/817/4 568/476/4 686/208/4 685/402/4
f 336/839/6 576/838/6 687/407/6 657/406/6
f 576/838/6 584/674/6 688/268/6 687/407/6
f 416/695/6 592/850/6 689/409/6 667/273/6
f 592/850/6 600/498/6 690/213/6 689/409/6
f 328/872/4 608/871/4 691/416/4 656/415/4
f 608/871/4 616/718/4 692/280/4 691/416/4
f 959/425/1 321/424/1 694/427/1 1059/426/1
f 1003/445/2 1068/448/2 696/451/2 337/446/2
f 561/467/4 337/446/4 696/451/4 724/468/4
f 593/480/6 313/479/6 693/482/6 728/481/6
f 441/502/4 345/501/4 697/504/4 709/503/4
f 425/524/6 353/523/6 698/526/6 707/525/6
f 449/546/6 361/545/6 699/548/6 710/547/6
f 521/568/4 369/567/4 700/570/4 719/569/4
f 433/590/4 377/589/4 701/592/4 708/591/4
f 473/612/6 385/611/6 702/614/6 713/613/6
f 497/634/4 393/633/4 703/636/4 716/635/4
f 577/656/6 401/655/6 704/658/6 726/657/6
f 545/678/6 409/677/6 705/680/6 722/679/6
f 609/700/4 417/699/4 706/702/4 730/701/4
f 385/611/6 425/524/6 707/525/6 702/614/6
f 345/501/4 433/590/4 708/591/4 697/504/4
f 369/567/4 441/502/4 709/503/4 700/570/4
f 353/523/6 449/546/6 710/547/6 698/526/6
f 401/655/6 457/720/6 711/721/6 704/658/6
f 457/720/6 465/731/6 712/732/6 711/721/6
f 465/731/6 473/612/6 713/613/6 712/732/6
f 377/589/4 481/742/4 714/743/4 701/592/4
f 481/742/4 489/753/4 715/754/4 714/743/4
f 489/753/4 497/634/4 716/635/4 715/754/4
f 417/699/4 505/764/4 717/765/4 706/702/4
f 505/764/4 513/775/4 718/776/4 717/765/4
f 513/775/4 521/568/4 719/569/4 718/776/4
f 361/545/6 529/786/6 720/787/6 699/548/6
f 529/786/6 537/797/6 721/798/6 720/787/6
f 537/797/6 545/678/6 722/679/6 721/798/6
f 393/633/4 553/808/4 723/809/4 703/636/4
f 553/808/4 561/467/4 724/468/4 723/809/4
f 329/821/6 569/820/6 725/823/6 695/822/6
f 569/820/6 577/656/6 726/657/6 725/823/6
f 409/677/6 585/841/6 727/842/6 705/680/6
f 585/841/6 593/480/6 728/481/6 727/842/6
f 321/854/4 601/853/4 729/856/4 694/855/4
f 601/853/4 609/700/4 730/701/4 729/856/4
f 989/439/1 327/438/1 732/441/1 1069/440/1
f 1033/460/2 1078/462/2 734/465/2 343/461/2
f 567/474/4 343/461/4 734/465/4 762/475/4
f 599/494/6 319/493/6 731/496/6 766/495/6
f 447/516/4 351/515/4 735/518/4 747/517/4
f 431/538/6 359/537/6 736/540/6 745/539/6
f 455/560/6 367/559/6 737/562/6 748/561/6
f 527/582/4 375/581/4 738/584/4 757/583/4
f 439/604/4 383/603/4 739/606/4 746/605/4
f 479/626/6 391/625/6 740/628/6 751/627/6
f 503/648/4 399/647/4 741/650/4 754/649/4
f 583/670/6 407/669/6 742/672/6 764/671/6
f 551/692/6 415/691/6 743/694/6 760/693/6
f 615/714/4 423/713/4 744/716/4 768/715/4
f 391/625/6 431/538/6 745/539/6 740/628/6
f 351/515/4 439/604/4 746/605/4 735/518/4
f 375/581/4 447/516/4 747/517/4 738/584/4
f 359/537/6 455/560/6 748/561/6 736/540/6
f 407/669/6 463/727/6 749/728/6 742/672/6
f 463/727/6 471/738/6 750/739/6 749/728/6
f 471/738/6 479/626/6 751/627/6 750/739/6
f 383/603/4 487/749/4 752/750/4 739/606/4
f 487/749/4 495/760/4 753/761/4 752/750/4
f 495/760/4 503/648/4 754/649/4 753/761/4
f 423/713/4 511/771/4 755/772/4 744/716/4
f 511/771/4 519/782/4 756/783/4 755/772/4
f 519/782/4 527/582/4 757/583/4 756/783/4
f 367/559/6 535/793/6 758/794/6 737/562/6
f 535/793/6 543/804/6 759/805/6 758/794/6
f 543/804/6 551/692/6 760/693/6 759/805/6
f 399/647/4 559/815/4 761/816/4 741/650/4
f 559/815/4 567/474/4 762/475/4 761/816/4
f 335/835/6 575/834/6 763/837/6 733/836/6
f 575/834/6 583/670/6 764/671/6 763/837/6
f 415/691/6 591/848/6 765/849/6 743/694/6
f 591/848/6 599/494/6 766/495/6 765/849/6
f 327/868/4 607/867/4 767/870/4 732/869/4
f 607/867/4 615/714/4 768/715/4 767/870/4
f 655/895/1 1053/896/1 778/875/1 84/206/1
f 1053/896/1 1052/897/1 777/898/1 778/875/1
f 1052/897/1 1051/899/1 776/900/1 777/898/1
f 1051/899/1 1050/901/1 775/902/1 776/900/1
f 1050/901/1 1049/196/1 774/199/1 775/902/1
f 657/903/2 88/904/2 788/905/2 1054/906/2
f 1054/906/2 788/905/2 787/907/2 1055/908/2
f 1055/908/2 787/907/2 786/909/2 1056/910/2
f 1056/910/2 786/909/2 785/911/2 1057/912/2
f 1057/912/2 785/911/2 784/201/2 1058/200/2
f 298/893/3 85/892/3 779/913/3 924/914/3
f 924/914/3 779/913/3 780/915/3 925/916/3
f 925/916/3 780/915/3 781/917/3 926/918/3
f 926/918/3 781/917/3 782/919/3 927/920/3
f 927/920/3 782/919/3 783/205/3 928/204/3
f 302/209/5 87/202/5 784/921/5 934/922/5
f 934/922/5 784/921/5 785/923/5 935/924/5
f 935/924/5 785/923/5 786/925/5 936/926/5
f 936/926/5 786/925/5 787/927/5 937/928/5
f 937/928/5 787/927/5 788/211/5 938/210/5
f 269/880/3 89/879/3 789/929/3 849/930/3
f 849/930/3 789/929/3 790/931/3 850/932/3
f 850/932/3 790/931/3 791/933/3 851/934/3
f 851/934/3 791/933/3 792/935/3 852/936/3
f 852/936/3 792/935/3 793/217/3 853/216/3
f 271/223/5 91/222/5 794/937/5 854/938/5
f 854/938/5 794/937/5 795/939/5 855/940/5
f 855/940/5 795/939/5 796/941/5 856/942/5
f 856/942/5 796/941/5 797/943/5 857/944/5
f 857/944/5 797/943/5 798/225/5 858/224/5
f 287/890/3 93/881/3 799/945/3 899/946/3
f 899/946/3 799/945/3 800/947/3 900/948/3
f 900/948/3 800/947/3 801/949/3 901/950/3
f 901/950/3 801/949/3 802/951/3 902/952/3
f 902/952/3 802/951/3 803/232/3 903/231/3
f 293/238/5 95/237/5 804/953/5 914/954/5
f 914/954/5 804/953/5 805/955/5 915/956/5
f 915/956/5 805/955/5 806/957/5 916/958/5
f 916/958/5 806/957/5 807/959/5 917/960/5
f 917/960/5 807/959/5 808/240/5 918/239/5
f 265/878/3 97/883/3 809/961/3 839/962/3
f 839/962/3 809/961/3 810/963/3 840/964/3
f 840/964/3 810/963/3 811/965/3 841/966/3
f 841/966/3 811/965/3 812/967/3 842/968/3
f 842/968/3 812/967/3 813/243/3 843/242/3
f 267/249/5 99/248/5 814/969/5 844/970/5
f 844/970/5 814/969/5 815/971/5 845/972/5
f 845/972/5 815/971/5 816/973/5 846/974/5
f 846/974/5 816/973/5 817/975/5 847/976/5
f 847/976/5 817/975/5 818/251/5 848/250/5
f 273/888/3 101/885/3 819/977/3 869/978/3
f 869/978/3 819/977/3 820/979/3 870/980/3
f 870/980/3 820/979/3 821/981/3 871/982/3
f 871/982/3 821/981/3 822/983/3 872/984/3
f 872/984/3 822/983/3 823/257/3 873/256/3
f 279/263/5 103/262/5 824/985/5 884/986/5
f 884/986/5 824/985/5 825/987/5 885/988/5
f 885/988/5 825/987/5 826/989/5 886/990/5
f 886/990/5 826/989/5 827/991/5 887/992/5
f 887/992/5 827/991/5 828/265/5 888/264/5
f 305/894/3 105/887/3 829/993/3 944/994/3
f 944/994/3 829/993/3 830/995/3 945/996/3
f 945/996/3 830/995/3 831/997/3 946/998/3
f 946/998/3 831/997/3 832/999/3 947/1000/3
f 947/1000/3 832/999/3 833/277/3 948/276/3
f 309/283/5 107/282/5 834/1001/5 954/1002/5
f 954/1002/5 834/1001/5 835/1003/5 955/1004/5
f 955/1004/5 835/1003/5 836/1005/5 956/1006/5
f 956/1006/5 836/1005/5 837/1007/5 957/1008/5
f 957/1008/5 837/1007/5 838/285/5 958/284/5
f 89/879/3 265/878/3 839/962/3 789/929/3
f 789/929/3 839/962/3 840/964/3 790/931/3
f 790/931/3 840/964/3 841/966/3 791/933/3
f 791/933/3 841/966/3 842/968/3 792/935/3
f 792/935/3 842/968/3 843/242/3 793/217/3
f 91/222/5 267/249/5 844/970/5 794/937/5
f 794/937/5 844/970/5 845/972/5 795/939/5
f 795/939/5 845/972/5 846/974/5 796/941/5
f 796/941/5 846/974/5 847/976/5 797/943/5
f 797/943/5 847/976/5 848/250/5 798/225/5
f 93/881/3 269/880/3 849/930/3 799/945/3
f 799/945/3 849/930/3 850/932/3 800/947/3
f 800/947/3 850/932/3 851/934/3 801/949/3
f 801/949/3 851/934/3 852/936/3 802/951/3
f 802/951/3 852/936/3 853/216/3 803/232/3
f 95/237/5 271/223/5 854/938/5 804/953/5
f 804/953/5 854/938/5 855/940/5 805/955/5
f 805/955/5 855/940/5 856/942/5 806/957/5
f 806/957/5 856/942/5 857/944/5 807/959/5
f 807/959/5 857/944/5 858/224/5 808/240/5
f 97/883/3 275/882/3 859/1009/3 809/961/3
f 809/961/3 859/1009/3 860/1010/3 810/963/3
f 810/963/3 860/1010/3 861/1011/3 811/965/3
f 811/965/3 861/1011/3 862/1012/3 812/967/3
f 812/967/3 862/1012/3 863/372/3 813/243/3
f 275/882/3 274/889/3 864/1013/3 859/1009/3
f 859/1009/3 864/1013/3 865/1014/3 860/1010/3
f 860/1010/3 865/1014/3 866/1015/3 861/1011/3
f 861/1011/3 866/1015/3 867/1016/3 862/1012/3
f 862/1012/3 867/1016/3 868/374/3 863/372/3
f 274/889/3 273/888/3 869/978/3 864/1013/3
f 864/1013/3 869/978/3 870/980/3 865/1014/3
f 865/1014/3 870/980/3 871/982/3 866/1015/3
f 866/1015/3 871/982/3 872/984/3 867/1016/3
f 867/1016/3 872/984/3 873/256/3 868/374/3
f 99/248/5 281/377/5 874/1017/5 814/969/5
f 814/969/5 874/1017/5 875/1018/5 815/971/5
f 815/971/5 875/1018/5 876/1019/5 816/973/5
f 816/973/5 876/1019/5 877/1020/5 817/975/5
f 817/975/5 877/1020/5 878/380/5 818/251/5
f 281/377/5 280/379/5 879/1021/5 874/1017/5
f 874/1017/5 879/1021/5 880/1022/5 875/1018/5
f 875/1018/5 880/1022/5 881/1023/5 876/1019/5
f 876/1019/5 881/1023/5 882/1024/5 877/1020/5
f 877/1020/5 882/1024/5 883/382/5 878/380/5
f 280/379/5 279/263/5 884/986/5 879/1021/5
f 879/1021/5 884/986/5 885/988/5 880/1022/5
f 880/1022/5 885/988/5 886/990/5 881/1023/5
f 881/1023/5 886/990/5 887/992/5 882/1024/5
f 882/1024/5 887/992/5 888/264/5 883/382/5
f 105/887/3 285/886/3 889/1025/3 829/993/3
f 829/993/3 889/1025/3 890/1026/3 830/995/3
f 830/995/3 890/1026/3 891/1027/3 831/997/3
f 831/997/3 891/1027/3 892/1028/3 832/999/3
f 832/999/3 892/1028/3 893/384/3 833/277/3
f 285/886/3 286/891/3 894/1029/3 889/1025/3
f 889/1025/3 894/1029/3 895/1030/3 890/1026/3
f 890/1026/3 895/1030/3 896/1031/3 891/1027/3
f 891/1027/3 896/1031/3 897/1032/3 892/1028/3
f 892/1028/3 897/1032/3 898/386/3 893/384/3
f 286/891/3 287/890/3 899/946/3 894/1029/3
f 894/1029/3 899/946/3 900/948/3 895/1030/3
f 895/1030/3 900/948/3 901/950/3 896/1031/3
f 896/1031/3 901/950/3 902/952/3 897/1032/3
f 897/1032/3 902/952/3 903/231/3 898/386/3
f 107/282/5 291/389/5 904/1033/5 834/1001/5
f 834/1001/5 904/1033/5 905/1034/5 835/1003/5
f 835/1003/5 905/1034/5 906/1035/5 836/1005/5
f 836/1005/5 906/1035/5 907/1036/5 837/1007/5
f 837/1007/5 907/1036/5 908/392/5 838/285/5
f 291/389/5 292/391/5 909/1037/5 904/1033/5
f 904/1033/5 909/1037/5 910/1038/5 905/1034/5
f 905/1034/5 910/1038/5 911/1039/5 906/1035/5
f 906/1035/5 911/1039/5 912/1040/5 907/1036/5
f 907/1036/5 912/1040/5 913/394/5 908/392/5
f 292/391/5 293/238/5 914/954/5 909/1037/5
f 909/1037/5 914/954/5 915/956/5 910/1038/5
f 910/1038/5 915/956/5 916/958/5 911/1039/5
f 911/1039/5 916/958/5 917/960/5 912/1040/5
f 912/1040/5 917/960/5 918/239/5 913/394/5
f 101/885/3 297/884/3 919/1041/3 819/977/3
f 819/977/3 919/1041/3 920/1042/3 820/979/3
f 820/979/3 920/1042/3 921/1043/3 821/981/3
f 821/981/3 921/1043/3 922/1044/3 822/983/3
f 822/983/3 922/1044/3 923/400/3 823/257/3
f 297/884/3 298/893/3 924/914/3 919/1041/3
f 919/1041/3 924/914/3 925/916/3 920/1042/3
f 920/1042/3 925/916/3 926/918/3 921/1043/3
f 921/1043/3 926/918/3 927/920/3 922/1044/3
f 922/1044/3 927/920/3 928/204/3 923/400/3
f 103/262/5 301/403/5 929/1045/5 824/985/5
f 824/985/5 929/1045/5 930/1046/5 825/987/5
f 825/987/5 930/1046/5 931/1047/5 826/989/5
f 826/989/5 931/1047/5 932/1048/5 827/991/5
f 827/991/5 932/1048/5 933/404/5 828/265/5
f 301/403/5 302/209/5 934/922/5 929/1045/5
f 929/1045/5 934/922/5 935/924/5 930/1046/5
f 930/1046/5 935/924/5 936/926/5 931/1047/5
f 931/1047/5 936/926/5 937/928/5 932/1048/5
f 932/1048/5 937/928/5 938/210/5 933/404/5
f 81/877/3 306/876/3 939/1049/3 769/1050/3
f 769/1050/3 939/1049/3 940/1051/3 770/1052/3
f 770/1052/3 940/1051/3 941/1053/3 771/1054/3
f 771/1054/3 941/1053/3 942/1055/3 772/1056/3
f 772/1056/3 942/1055/3 943/412/3 773/411/3
f 306/876/3 305/894/3 944/994/3 939/1049/3
f 939/1049/3 944/994/3 945/996/3 940/1051/3
f 940/1051/3 945/996/3 946/998/3 941/1053/3
f 941/1053/3 946/998/3 947/1000/3 942/1055/3
f 942/1055/3 947/1000/3 948/276/3 943/412/3
f 83/418/5 310/417/5 949/1057/5 774/1058/5
f 774/1058/5 949/1057/5 950/1059/5 775/1060/5
f 775/1060/5 950/1059/5 951/1061/5 776/1062/5
f 776/1062/5 951/1061/5 952/1063/5 777/1064/5
f 777/1064/5 952/1063/5 953/420/5 778/419/5
f 310/417/5 309/283/5 954/1002/5 949/1057/5
f 949/1057/5 954/1002/5 955/1004/5 950/1059/5
f 950/1059/5 955/1004/5 956/1006/5 951/1061/5
f 951/1061/5 956/1006/5 957/1008/5 952/1063/5
f 952/1063/5 957/1008/5 958/284/5 953/420/5
f 617/829/1 1043/1065/1 963/1066/1 313/1067/1
f 1043/1065/1 1042/1068/1 962/1069/1 963/1066/1
f 1042/1068/1 1041/1070/1 961/1071/1 962/1069/1
f 1041/1070/1 1040/1072/1 960/1073/1 961/1071/1
f 1040/1072/1 1039/422/1 959/425/1 960/1073/1
f 693/1074/1 1063/1075/1 968/1076/1 314/1077/1
f 1063/1075/1 1062/1078/1 967/1079/1 968/1076/1
f 1062/1078/1 1061/1080/1 966/1081/1 967/1079/1
f 1061/1080/1 1060/1082/1 965/1083/1 966/1081/1
f 1060/1082/1 1059/426/1 964/429/1 965/1083/1
f 314/1077/1 968/1076/1 973/1084/1 315/1085/1
f 968/1076/1 967/1079/1 972/1086/1 973/1084/1
f 967/1079/1 966/1081/1 971/1087/1 972/1086/1
f 966/1081/1 965/1083/1 970/1088/1 971/1087/1
f 965/1083/1 964/429/1 969/431/1 970/1088/1
f 315/1085/1 973/1084/1 978/1089/1 316/818/1
f 973/1084/1 972/1086/1 977/1090/1 978/1089/1
f 972/1086/1 971/1087/1 976/1091/1 977/1090/1
f 971/1087/1 970/1088/1 975/1092/1 976/1091/1
f 970/1088/1 969/431/1 974/433/1 975/1092/1
f 316/818/1 978/1089/1 983/1093/1 317/1094/1
f 978/1089/1 977/1090/1 982/1095/1 983/1093/1
f 977/1090/1 976/1091/1 981/1096/1 982/1095/1
f 976/1091/1 975/1092/1 980/1097/1 981/1096/1
f 975/1092/1 974/433/1 979/435/1 980/1097/1
f 317/1094/1 983/1093/1 988/1098/1 318/915/1
f 983/1093/1 982/1095/1 987/1099/1 988/1098/1
f 982/1095/1 981/1096/1 986/1100/1 987/1099/1
f 981/1096/1 980/1097/1 985/1101/1 986/1100/1
f 980/1097/1 979/435/1 984/437/1 985/1101/1
f 318/915/1 988/1098/1 993/1102/1 319/1103/1
f 988/1098/1 987/1099/1 992/1104/1 993/1102/1
f 987/1099/1 986/1100/1 991/1105/1 992/1104/1
f 986/1100/1 985/1101/1 990/1106/1 991/1105/1
f 985/1101/1 984/437/1 989/439/1 990/1106/1
f 731/919/1 1073/1107/1 998/1108/1 320/1109/1
f 1073/1107/1 1072/1110/1 997/1111/1 998/1108/1
f 1072/1110/1 1071/1112/1 996/1113/1 997/1111/1
f 1071/1112/1 1070/1114/1 995/1115/1 996/1113/1
f 1070/1114/1 1069/440/1 994/443/1 995/1115/1
f 619/1116/2 329/1117/2 999/1118/2 1044/1119/2
f 1044/1119/2 999/1118/2 1000/1120/2 1045/1121/2
f 1045/1121/2 1000/1120/2 1001/1122/2 1046/1123/2
f 1046/1123/2 1001/1122/2 1002/1124/2 1047/1125/2
f 1047/1125/2 1002/1124/2 1003/445/2 1048/444/2
f 695/1126/2 330/1127/2 1004/1128/2 1064/1129/2
f 1064/1129/2 1004/1128/2 1005/1130/2 1065/1131/2
f 1065/1131/2 1005/1130/2 1006/1132/2 1066/1133/2
f 1066/1133/2 1006/1132/2 1007/1134/2 1067/1135/2
f 1067/1135/2 1007/1134/2 1008/449/2 1068/448/2
f 330/1127/2 331/1136/2 1009/1137/2 1004/1128/2
f 1004/1128/2 1009/1137/2 1010/1138/2 1005/1130/2
f 1005/1130/2 1010/1138/2 1011/1139/2 1006/1132/2
f 1006/1132/2 1011/1139/2 1012/1140/2 1007/1134/2
f 1007/1134/2 1012/1140/2 1013/452/2 1008/449/2
f 331/1136/2 332/1141/2 1014/1142/2 1009/1137/2
f 1009/1137/2 1014/1142/2 1015/1143/2 1010/1138/2
f 1010/1138/2 1015/1143/2 1016/1144/2 1011/1139/2
f 1011/1139/2 1016/1144/2 1017/1145/2 1012/1140/2
f 1012/1140/2 1017/1145/2 1018/454/2 1013/452/2
f 332/1141/2 333/1146/2 1019/1147/2 1014/1142/2
f 1014/1142/2 1019/1147/2 1020/1148/2 1015/1143/2
f 1015/1143/2 1020/1148/2 1021/1149/2 1016/1144/2
f 1016/1144/2 1021/1149/2 1022/1150/2 1017/1145/2
f 1017/1145/2 1022/1150/2 1023/456/2 1018/454/2
f 333/1146/2 334/1151/2 1024/1152/2 1019/1147/2
f 1019/1147/2 1024/1152/2 1025/1153/2 1020/1148/2
f 1020/1148/2 1025/1153/2 1026/1154/2 1021/1149/2
f 1021/1149/2 1026/1154/2 1027/1155/2 1022/1150/2
f 1022/1150/2 1027/1155/2 1028/458/2 1023/456/2
f 334/1151/2 335/1156/2 1029/1157/2 1024/1152/2
f 1024/1152/2 1029/1157/2 1030/1158/2 1025/1153/2
f 1025/1153/2 1030/1158/2 1031/1159/2 1026/1154/2
f 1026/1154/2 1031/1159/2 1032/1160/2 1027/1155/2
f 1027/1155/2 1032/1160/2 1033/460/2 1028/458/2
f 733/1161/2 336/1162/2 1034/1163/2 1074/1164/2
f 1074/1164/2 1034/1163/2 1035/1165/2 1075/1166/2
f 1075/1166/2 1035/1165/2 1036/1167/2 1076/1168/2
f 1076/1168/2 1036/1167/2 1037/1169/2 1077/1170/2
f 1077/1170/2 1037/1169/2 1038/463/2 1078/462/2
f 81/1171/1 769/1172/1 1043/1065/1 617/829/1
f 769/1172/1 770/1173/1 1042/1068/1 1043/1065/1
f 770/1173/1 771/1174/1 1041/1070/1 1042/1068/1
f 771/1174/1 772/1175/1 1040/1072/1 1041/1070/1
f 772/1175/1 773/873/1 1039/422/1 1040/1072/1
f 85/198/2 619/1116/2 1044/1119/2 779/199/2
f 779/199/2 1044/1119/2 1045/1121/2 780/902/2
f 780/902/2 1045/1121/2 1046/1123/2 781/900/2
f 781/900/2 1046/1123/2 1047/1125/2 782/898/2
f 782/898/2 1047/1125/2 1048/444/2 783/875/2
f 320/1109/1 998/1108/1 1053/896/1 655/895/1
f 998/1108/1 997/1111/1 1052/897/1 1053/896/1
f 997/1111/1 996/1113/1 1051/899/1 1052/897/1
f 996/1113/1 995/1115/1 1050/901/1 1051/899/1
f 995/1115/1 994/443/1 1049/196/1 1050/901/1
f 336/1162/2 657/903/2 1054/906/2 1034/1163/2
f 1034/1163/2 1054/906/2 1055/908/2 1035/1165/2
f 1035/1165/2 1055/908/2 1056/910/2 1036/1167/2
f 1036/1167/2 1056/910/2 1057/912/2 1037/1169/2
f 1037/1169/2 1057/912/2 1058/200/2 1038/463/2
f 313/1067/1 963/1066/1 1063/1075/1 693/1074/1
f 963/1066/1 962/1069/1 1062/1078/1 1063/1075/1
f 962/1069/1 961/1071/1 1061/1080/1 1062/1078/1
f 961/1071/1 960/1073/1 1060/1082/1 1061/1080/1
f 960/1073/1 959/425/1 1059/426/1 1060/1082/1
f 329/1117/2 695/1126/2 1064/1129/2 999/1118/2
f 999/1118/2 1064/1129/2 1065/1131/2 1000/1120/2
f 1000/1120/2 1065/1131/2 1066/1133/2 1001/1122/2
f 1001/1122/2 1066/1133/2 1067/1135/2 1002/1124/2
f 1002/1124/2 1067/1135/2 1068/448/2 1003/445/2
f 319/1103/1 993/1102/1 1073/1107/1 731/919/1
f 993/1102/1 992/1104/1 1072/1110/1 1073/1107/1
f 992/1104/1 991/1105/1 1071/1112/1 1072/1110/1
f 991/1105/1 990/1106/1 1070/1114/1 1071/1112/1
f 990/1106/1 989/439/1 1069/440/1 1070/1114/1
f 335/1156/2 733/1161/2 1074/1164/2 1029/1157/2
f 1029/1157/2 1074/1164/2 1075/1166/2 1030/1158/2
f 1030/1158/2 1075/1166/2 1076/1168/2 1031/1159/2
f 1031/1159/2 1076/1168/2 1077/1170/2 1032/1160/2
f 1032/1160/2 1077/1170/2 1078/462/2 1033/460/2
o 2nd_Layer_(Head)
v -0.283241 1.967515 0.235677
v -0.283241 1.967515 -0.299784
v 0.252219 1.967515 -0.299784
v 0.252219 1.967515 0.235677
v -0.283241 2.502975 0.235677
v -0.283241 2.502975 -0.299784
v 0.252219 2.502975 -0.299784
v 0.252219 2.502975 0.235677
vn -1.0000 -0.0000 -0.0000
vn -0.0000 -0.0000 -1.0000
vn 1.0000 -0.0000 -0.0000
vn -0.0000 -0.0000 1.0000
vn -0.0000 -1.0000 -0.0000
vn -0.0000 1.0000 -0.0000
vt 0.625000 0.750000
vt 0.500000 0.750000
vt 0.500000 0.500000
vt 0.625000 0.500000
vt 1.000000 0.750000
vt 0.875000 0.750000
vt 0.875000 0.500000
vt 1.000000 0.500000
vt 0.750000 0.750000
vt 0.750000 0.500000
vt 0.750000 1.000000
vt 0.875000 1.000000
vt 0.625000 1.000000
s 0
usemtl Skin
f 1083/1176/7 1084/1177/7 1080/1178/7 1079/1179/7
f 1084/1180/8 1085/1181/8 1081/1182/8 1080/1183/8
f 1085/1181/9 1086/1184/9 1082/1185/9 1081/1182/9
f 1086/1184/10 1083/1176/10 1079/1179/10 1082/1185/10
f 1079/1186/11 1080/1184/11 1081/1181/11 1082/1187/11
f 1086/1184/12 1085/1186/12 1084/1188/12 1083/1176/12
o 1st_Layer
v 0.235142 0.495575 -0.155071
v 0.235141 0.495575 0.093071
v -0.013000 0.495575 0.093071
v -0.013000 0.495575 -0.155071
v 0.235142 1.240000 -0.155071
v 0.235141 1.240000 0.093071
v -0.013000 1.240000 0.093070
v -0.013000 1.240000 -0.155071
v 0.235142 0.867788 -0.155071
v 0.235141 0.867788 0.093071
v -0.013000 0.867788 0.093071
v -0.013000 0.867788 -0.155071
v 0.235141 0.805752 -0.155071
v 0.235141 0.805752 0.093071
v -0.013000 0.805752 0.093071
v -0.013000 0.805752 -0.155071
v 0.235142 0.929823 -0.155071
v 0.235141 0.929823 0.093071
v -0.013000 0.929823 0.093070
v -0.013000 0.929823 -0.155071
v -0.013000 0.495575 -0.155071
v -0.013000 0.495575 0.093071
v -0.261142 0.495575 0.093071
v -0.261141 0.495575 -0.155071
v -0.013000 1.240000 -0.155070
v -0.013000 1.240000 0.093071
v -0.261142 1.240000 0.093071
v -0.261142 1.240000 -0.155071
v -0.013000 0.867788 -0.155071
v -0.013000 0.867788 0.093071
v -0.261142 0.867788 0.093071
v -0.261141 0.867788 -0.155071
v -0.013000 0.805752 -0.155071
v -0.013000 0.805752 0.093071
v -0.261142 0.805752 0.093071
v -0.261141 0.805752 -0.155071
v -0.013000 0.929823 -0.155071
v -0.013000 0.929823 0.093071
v -0.261142 0.929823 0.093071
v -0.261142 0.929823 -0.155071
v -0.261142 1.240000 -0.155071
v -0.261141 1.240000 0.093071
v -0.509283 1.240000 0.093071
v -0.509283 1.240000 -0.155071
v -0.261141 1.984425 -0.155070
v -0.261142 1.984425 0.093071
v -0.509283 1.984425 0.093071
v -0.509283 1.984425 -0.155071
v -0.261141 1.612212 -0.155071
v -0.261142 1.612212 0.093071
v -0.509283 1.612212 0.093071
v -0.509283 1.612212 -0.155071
v -0.261141 1.550177 -0.155071
v -0.261142 1.550177 0.093071
v -0.509283 1.550177 0.093071
v -0.509283 1.550177 -0.155071
v -0.261141 1.674248 -0.155071
v -0.261142 1.674248 0.093071
v -0.509283 1.674248 0.093071
v -0.509283 1.674248 -0.155071
v 0.483283 1.240000 -0.155071
v 0.483283 1.240000 0.093071
v 0.235141 1.240000 0.093071
v 0.235142 1.240000 -0.155071
v 0.483283 1.984425 -0.155070
v 0.483283 1.984425 0.093071
v 0.235141 1.984425 0.093071
v 0.235142 1.984425 -0.155071
v 0.483283 1.612212 -0.155071
v 0.483283 1.612212 0.093071
v 0.235141 1.612212 0.093071
v 0.235142 1.612212 -0.155071
v 0.483283 1.550177 -0.155071
v 0.483283 1.550177 0.093071
v 0.235141 1.550177 0.093071
v 0.235142 1.550177 -0.155071
v 0.483283 1.674248 -0.155071
v 0.483283 1.674248 0.093071
v 0.235141 1.674248 0.093071
v 0.235142 1.674248 -0.155071
v 0.235142 1.240000 -0.155071
v 0.235142 1.240000 0.093071
v -0.261142 1.240000 0.093071
v -0.261141 1.240000 -0.155071
v 0.235142 1.984425 -0.155070
v 0.235141 1.984425 0.093071
v -0.261142 1.984425 0.093071
v -0.261142 1.984425 -0.155071
v 0.235142 1.984425 -0.279142
v 0.235142 1.984425 0.217142
v -0.261142 1.984425 0.217141
v -0.261141 1.984425 -0.279142
v 0.235142 2.480708 -0.279141
v 0.235141 2.480708 0.217142
v -0.261142 2.480708 0.217141
v -0.261142 2.480708 -0.279142
v 0.235142 1.612212 -0.155071
v 0.235141 1.612212 0.093071
v -0.261142 1.612212 0.093071
v -0.261141 1.612212 -0.155071
v 0.235142 1.550177 -0.155071
v 0.235141 1.550177 0.093071
v -0.261142 1.550177 0.093071
v -0.261141 1.550177 -0.155071
v 0.235142 1.674248 -0.155071
v 0.235141 1.674248 0.093071
v -0.261142 1.674248 0.093071
v -0.261142 1.674248 -0.155071
v 0.235142 1.829336 -0.155070
v 0.235141 1.829336 0.093071
v -0.261142 1.829336 0.093071
v -0.261142 1.829336 -0.155071
v 0.235142 1.395088 -0.155071
v 0.235142 1.395088 0.093071
v -0.261142 1.395088 0.093071
v -0.261141 1.395088 -0.155071
v -0.385212 1.612212 -0.155071
v -0.261141 1.581195 -0.155071
v -0.509283 1.581195 -0.155071
v -0.385212 1.550177 -0.155071
v -0.261141 1.643230 -0.155071
v -0.509283 1.643230 -0.155071
v -0.385212 1.674248 -0.155071
v 0.359212 1.612212 -0.155071
v 0.483283 1.581195 -0.155071
v 0.235142 1.581195 -0.155071
v 0.359212 1.550177 -0.155071
v 0.483283 1.643230 -0.155071
v 0.235142 1.643230 -0.155071
v 0.359212 1.674248 -0.155071
v -0.385212 1.643230 -0.155071
v -0.385212 1.581195 -0.155071
v 0.359212 1.643230 -0.155071
v 0.359212 1.581195 -0.155071
v -0.447248 1.612212 -0.155071
v -0.261141 1.596704 -0.155071
v -0.509283 1.596704 -0.155071
v -0.447248 1.550177 -0.155071
v -0.261141 1.627721 -0.155071
v -0.509283 1.627721 -0.155071
v -0.447248 1.674248 -0.155071
v 0.297177 1.612212 -0.155071
v 0.483283 1.596704 -0.155071
v 0.235142 1.596704 -0.155071
v 0.297177 1.550177 -0.155071
v 0.483283 1.627721 -0.155071
v 0.235142 1.627721 -0.155071
v 0.297177 1.674248 -0.155071
v -0.323177 1.612212 -0.155071
v -0.261141 1.565686 -0.155071
v -0.509283 1.565686 -0.155071
v -0.323177 1.550177 -0.155071
v -0.261141 1.658739 -0.155071
v -0.509283 1.658739 -0.155071
v -0.323177 1.674248 -0.155071
v 0.421248 1.612212 -0.155071
v 0.483283 1.565686 -0.155071
v 0.235142 1.565686 -0.155071
v 0.421248 1.550177 -0.155071
v 0.483283 1.658739 -0.155071
v 0.235142 1.658739 -0.155071
v 0.421248 1.674248 -0.155071
v -0.447248 1.643230 -0.155071
v -0.323177 1.643230 -0.155071
v -0.385212 1.658739 -0.155071
v -0.385212 1.627721 -0.155071
v -0.447248 1.581195 -0.155071
v -0.323177 1.581195 -0.155071
v -0.385212 1.596704 -0.155071
v -0.385212 1.565686 -0.155071
v 0.297177 1.643230 -0.155071
v 0.421248 1.643230 -0.155071
v 0.359212 1.658739 -0.155071
v 0.359212 1.627721 -0.155071
v 0.297177 1.581195 -0.155071
v 0.421248 1.581195 -0.155071
v 0.359212 1.596704 -0.155071
v 0.359212 1.565686 -0.155071
v -0.447248 1.627721 -0.155071
v -0.447248 1.565686 -0.155071
v 0.297177 1.627721 -0.155071
v 0.297177 1.565686 -0.155071
v -0.447248 1.658739 -0.155071
v -0.323177 1.658739 -0.155071
v -0.323177 1.627721 -0.155071
v -0.447248 1.596704 -0.155071
v -0.323177 1.596704 -0.155071
v -0.323177 1.565686 -0.155071
v 0.297177 1.658739 -0.155071
v 0.421248 1.658739 -0.155071
v 0.421248 1.627721 -0.155071
v 0.297177 1.596704 -0.155071
v 0.421248 1.596704 -0.155071
v 0.421248 1.565686 -0.155071
v 0.111071 0.867788 0.093071
v 0.235141 0.836770 0.093071
v -0.013000 0.836770 0.093071
v 0.111071 0.805752 0.093071
v 0.235141 0.898806 0.093071
v -0.013000 0.898805 0.093071
v 0.111070 0.929823 0.093071
v -0.137071 0.867788 0.093071
v -0.013000 0.836770 0.093071
v -0.261142 0.836770 0.093071
v -0.137071 0.805752 0.093071
v -0.013000 0.898806 0.093071
v -0.261142 0.898806 0.093071
v -0.137071 0.929823 0.093071
v 0.111071 0.836770 0.093071
v 0.111071 0.898805 0.093071
v -0.137071 0.836770 0.093071
v -0.137071 0.898806 0.093071
v 0.049035 0.867788 0.093071
v 0.235141 0.852279 0.093071
v -0.013000 0.852279 0.093071
v 0.049035 0.805752 0.093071
v 0.235141 0.883297 0.093071
v -0.013000 0.883297 0.093071
v 0.049035 0.929823 0.093071
v -0.199106 0.867788 0.093071
v -0.013000 0.852279 0.093071
v -0.261142 0.852279 0.093071
v -0.199106 0.805752 0.093071
v -0.013000 0.883297 0.093071
v -0.261142 0.883297 0.093071
v -0.199106 0.929823 0.093071
v 0.173106 0.867788 0.093071
v 0.235141 0.821261 0.093071
v -0.013000 0.821261 0.093071
v 0.173106 0.805752 0.093071
v 0.235141 0.914314 0.093071
v -0.013000 0.914314 0.093070
v 0.173106 0.929823 0.093071
v -0.075036 0.867788 0.093071
v -0.013000 0.821261 0.093071
v -0.261142 0.821261 0.093071
v -0.075035 0.805752 0.093071
v -0.013000 0.914314 0.093071
v -0.261142 0.914314 0.093071
v -0.075036 0.929823 0.093071
v 0.049035 0.836770 0.093071
v 0.173106 0.836770 0.093071
v 0.111071 0.821261 0.093071
v 0.111071 0.852279 0.093071
v 0.049035 0.898806 0.093071
v 0.173106 0.898806 0.093071
v 0.111071 0.883297 0.093071
v 0.111070 0.914314 0.093071
v -0.199106 0.836770 0.093071
v -0.075035 0.836770 0.093071
v -0.137071 0.821261 0.093071
v -0.137071 0.852279 0.093071
v -0.199106 0.898806 0.093071
v -0.075036 0.898805 0.093071
v -0.137071 0.883297 0.093071
v -0.137071 0.914314 0.093071
v 0.049035 0.852279 0.093071
v 0.049035 0.914314 0.093071
v -0.199106 0.852279 0.093071
v -0.199106 0.914314 0.093071
v 0.049035 0.821261 0.093071
v 0.173106 0.821261 0.093071
v 0.173106 0.852279 0.093071
v 0.049035 0.883297 0.093071
v 0.173106 0.883297 0.093071
v 0.173106 0.914314 0.093071
v -0.199106 0.821261 0.093071
v -0.075035 0.821261 0.093071
v -0.075035 0.852279 0.093071
v -0.199106 0.883297 0.093071
v -0.075036 0.883297 0.093071
v -0.075036 0.914314 0.093071
v 0.235142 1.643230 -0.155071
v 0.235141 1.643230 0.093071
v -0.261142 1.643230 0.093071
v -0.261142 1.643230 -0.155071
v 0.235142 1.581195 -0.155071
v 0.235141 1.581195 0.093071
v -0.261142 1.581195 0.093071
v -0.261141 1.581195 -0.155071
v 0.235142 1.790564 -0.155070
v 0.235142 1.751792 -0.155070
v 0.235142 1.713020 -0.155071
v 0.235141 1.790564 0.093071
v 0.235141 1.751792 0.093071
v 0.235141 1.713020 0.093071
v -0.261142 1.790564 0.093071
v -0.261142 1.751792 0.093071
v -0.261142 1.713020 0.093071
v -0.261142 1.790564 -0.155071
v -0.261142 1.751792 -0.155071
v -0.261142 1.713020 -0.155071
v 0.235142 1.433861 -0.155071
v 0.235142 1.472633 -0.155071
v 0.235142 1.511405 -0.155071
v 0.235142 1.433861 0.093071
v 0.235142 1.472633 0.093071
v 0.235141 1.511405 0.093071
v -0.261142 1.433861 0.093071
v -0.261142 1.472633 0.093071
v -0.261142 1.511405 0.093071
v -0.261141 1.433861 -0.155071
v -0.261141 1.472633 -0.155071
v -0.261141 1.511405 -0.155071
v 0.235142 1.881032 -0.155070
v 0.235142 1.932729 -0.155070
v 0.235141 1.881032 0.093071
v 0.235141 1.932729 0.093071
v -0.261142 1.881032 0.093071
v -0.261142 1.932729 0.093071
v -0.261142 1.881032 -0.155071
v -0.261142 1.932729 -0.155071
v 0.235142 1.343392 -0.155071
v 0.235142 1.291696 -0.155071
v 0.235142 1.343392 0.093071
v 0.235142 1.291696 0.093071
v -0.261142 1.343392 0.093071
v -0.261142 1.291696 0.093071
v -0.261141 1.343392 -0.155071
v -0.261141 1.291696 -0.155071
v 0.179999 1.240000 -0.155071
v 0.124856 1.240000 -0.155071
v 0.069714 1.240000 -0.155071
v 0.014571 1.240000 -0.155071
v -0.040571 1.240000 -0.155071
v -0.095714 1.240000 -0.155071
v -0.150856 1.240000 -0.155071
v -0.205999 1.240000 -0.155071
v 0.179999 1.240000 0.093071
v 0.124856 1.240000 0.093071
v 0.069714 1.240000 0.093071
v 0.014571 1.240000 0.093071
v -0.040571 1.240000 0.093071
v -0.095714 1.240000 0.093071
v -0.150857 1.240000 0.093071
v -0.205999 1.240000 0.093071
v 0.179999 1.984425 -0.155070
v 0.124857 1.984425 -0.155071
v 0.069714 1.984425 -0.155071
v 0.014571 1.984425 -0.155071
v -0.040571 1.984425 -0.155071
v -0.095714 1.984425 -0.155071
v -0.150856 1.984425 -0.155071
v -0.205999 1.984425 -0.155071
v 0.179999 1.984425 0.093071
v 0.124856 1.984425 0.093071
v 0.069714 1.984425 0.093071
v 0.014571 1.984425 0.093071
v -0.040572 1.984425 0.093071
v -0.095714 1.984425 0.093071
v -0.150857 1.984425 0.093071
v -0.205999 1.984425 0.093071
v 0.179999 1.612212 0.093071
v 0.124856 1.612212 0.093071
v 0.069714 1.612212 0.093071
v 0.014571 1.612212 0.093071
v -0.040571 1.612212 0.093071
v -0.095714 1.612212 0.093071
v -0.150857 1.612212 0.093071
v -0.205999 1.612212 0.093071
v 0.179999 1.612212 -0.155071
v 0.124857 1.612212 -0.155071
v 0.069714 1.612212 -0.155071
v 0.014571 1.612212 -0.155071
v -0.040571 1.612212 -0.155071
v -0.095714 1.612212 -0.155071
v -0.150856 1.612212 -0.155071
v -0.205999 1.612212 -0.155071
v 0.179999 1.550177 -0.155071
v 0.124857 1.550177 -0.155071
v 0.069714 1.550177 -0.155071
v 0.014571 1.550177 -0.155071
v -0.040571 1.550177 -0.155071
v -0.095714 1.550177 -0.155071
v -0.150856 1.550177 -0.155071
v -0.205999 1.550177 -0.155071
v 0.179999 1.550177 0.093071
v 0.124856 1.550177 0.093071
v 0.069714 1.550177 0.093071
v 0.014571 1.550177 0.093071
v -0.040571 1.550177 0.093071
v -0.095714 1.550177 0.093071
v -0.150857 1.550177 0.093071
v -0.205999 1.550177 0.093071
v 0.179999 1.674248 0.093071
v 0.124856 1.674248 0.093071
v 0.069714 1.674248 0.093071
v 0.014571 1.674248 0.093071
v -0.040572 1.674248 0.093071
v -0.095714 1.674248 0.093071
v -0.150857 1.674248 0.093071
v -0.205999 1.674248 0.093071
v 0.179999 1.674248 -0.155071
v 0.124857 1.674248 -0.155071
v 0.069714 1.674248 -0.155071
v 0.014571 1.674248 -0.155071
v -0.040571 1.674248 -0.155071
v -0.095714 1.674248 -0.155071
v -0.150856 1.674248 -0.155071
v -0.205999 1.674248 -0.155071
v 0.179999 1.829336 0.093071
v 0.124856 1.829336 0.093071
v 0.069714 1.829336 0.093071
v 0.014571 1.829336 0.093071
v -0.040572 1.829336 0.093071
v -0.095714 1.829336 0.093071
v -0.150857 1.829336 0.093071
v -0.205999 1.829336 0.093071
v 0.179999 1.829336 -0.155071
v 0.124857 1.829336 -0.155071
v 0.069714 1.829336 -0.155071
v 0.014571 1.829336 -0.155071
v -0.040571 1.829336 -0.155071
v -0.095714 1.829336 -0.155071
v -0.150856 1.829336 -0.155071
v -0.205999 1.829336 -0.155071
v 0.179999 1.395088 -0.155071
v 0.124857 1.395088 -0.155071
v 0.069714 1.395088 -0.155071
v 0.014571 1.395088 -0.155071
v -0.040571 1.395088 -0.155071
v -0.095714 1.395088 -0.155071
v -0.150856 1.395088 -0.155071
v -0.205999 1.395088 -0.155071
v 0.179999 1.395088 0.093071
v 0.124856 1.395088 0.093071
v 0.069714 1.395088 0.093071
v 0.014571 1.395088 0.093071
v -0.040571 1.395088 0.093071
v -0.095714 1.395088 0.093071
v -0.150857 1.395088 0.093071
v -0.205999 1.395088 0.093071
v 0.179999 1.643230 -0.155071
v 0.124857 1.643230 -0.155071
v 0.069714 1.643230 -0.155071
v 0.014571 1.643230 -0.155071
v -0.040571 1.643230 -0.155071
v -0.095714 1.643230 -0.155071
v -0.150856 1.643230 -0.155071
v -0.205999 1.643230 -0.155071
v 0.179999 1.643230 0.093071
v 0.124856 1.643230 0.093071
v 0.069714 1.643230 0.093071
v 0.014571 1.643230 0.093071
v -0.040572 1.643230 0.093071
v -0.095714 1.643230 0.093071
v -0.150857 1.643230 0.093071
v -0.205999 1.643230 0.093071
v 0.179999 1.581195 0.093071
v 0.124856 1.581195 0.093071
v 0.069714 1.581195 0.093071
v 0.014571 1.581195 0.093071
v -0.040571 1.581195 0.093071
v -0.095714 1.581195 0.093071
v -0.150857 1.581195 0.093071
v -0.205999 1.581195 0.093071
v 0.179999 1.581195 -0.155071
v 0.124857 1.581195 -0.155071
v 0.069714 1.581195 -0.155071
v 0.014571 1.581195 -0.155071
v -0.040571 1.581195 -0.155071
v -0.095714 1.581195 -0.155071
v -0.150856 1.581195 -0.155071
v -0.205999 1.581195 -0.155071
v 0.179999 1.790564 -0.155071
v 0.124857 1.790564 -0.155071
v 0.069714 1.790564 -0.155071
v 0.014571 1.790564 -0.155071
v -0.040571 1.790564 -0.155071
v -0.095714 1.790564 -0.155071
v -0.150856 1.790564 -0.155071
v -0.205999 1.790564 -0.155071
v 0.179999 1.751792 -0.155071
v 0.124857 1.751792 -0.155071
v 0.069714 1.751792 -0.155071
v 0.014571 1.751792 -0.155071
v -0.040571 1.751792 -0.155071
v -0.095714 1.751792 -0.155071
v -0.150856 1.751792 -0.155071
v -0.205999 1.751792 -0.155071
v 0.179999 1.713020 -0.155071
v 0.124857 1.713020 -0.155071
v 0.069714 1.713020 -0.155071
v 0.014571 1.713020 -0.155071
v -0.040571 1.713020 -0.155071
v -0.095714 1.713020 -0.155071
v -0.150856 1.713020 -0.155071
v -0.205999 1.713020 -0.155071
v 0.179999 1.713020 0.093071
v 0.124856 1.713020 0.093071
v 0.069714 1.713020 0.093071
v 0.014571 1.713020 0.093071
v -0.040572 1.713020 0.093071
v -0.095714 1.713020 0.093071
v -0.150857 1.713020 0.093071
v -0.205999 1.713020 0.093071
v 0.179999 1.751792 0.093071
v 0.124856 1.751792 0.093071
v 0.069714 1.751792 0.093071
v 0.014571 1.751792 0.093071
v -0.040572 1.751792 0.093071
v -0.095714 1.751792 0.093071
v -0.150857 1.751792 0.093071
v -0.205999 1.751792 0.093071
v 0.179999 1.790564 0.093071
v 0.124856 1.790564 0.093071
v 0.069714 1.790564 0.093071
v 0.014571 1.790564 0.093071
v -0.040572 1.790564 0.093071
v -0.095714 1.790564 0.093071
v -0.150857 1.790564 0.093071
v -0.205999 1.790564 0.093071
v 0.179999 1.433861 0.093071
v 0.124856 1.433861 0.093071
v 0.069714 1.433861 0.093071
v 0.014571 1.433861 0.093071
v -0.040571 1.433861 0.093071
v -0.095714 1.433861 0.093071
v -0.150857 1.433861 0.093071
v -0.205999 1.433861 0.093071
v 0.179999 1.472633 0.093071
v 0.124856 1.472633 0.093071
v 0.069714 1.472633 0.093071
v 0.014571 1.472633 0.093071
v -0.040571 1.472633 0.093071
v -0.095714 1.472633 0.093071
v -0.150857 1.472633 0.093071
v -0.205999 1.472633 0.093071
v 0.179999 1.511405 0.093071
v 0.124856 1.511405 0.093071
v 0.069714 1.511405 0.093071
v 0.014571 1.511405 0.093071
v -0.040571 1.511405 0.093071
v -0.095714 1.511405 0.093071
v -0.150857 1.511405 0.093071
v -0.205999 1.511405 0.093071
v 0.179999 1.511405 -0.155071
v 0.124857 1.511405 -0.155071
v 0.069714 1.511405 -0.155071
v 0.014571 1.511405 -0.155071
v -0.040571 1.511405 -0.155071
v -0.095714 1.511405 -0.155071
v -0.150856 1.511405 -0.155071
v -0.205999 1.511405 -0.155071
v 0.179999 1.472633 -0.155071
v 0.124857 1.472633 -0.155071
v 0.069714 1.472633 -0.155071
v 0.014571 1.472633 -0.155071
v -0.040571 1.472633 -0.155071
v -0.095714 1.472633 -0.155071
v -0.150856 1.472633 -0.155071
v -0.205999 1.472633 -0.155071
v 0.179999 1.433861 -0.155071
v 0.124857 1.433861 -0.155071
v 0.069714 1.433861 -0.155071
v 0.014571 1.433861 -0.155071
v -0.040571 1.433861 -0.155071
v -0.095714 1.433861 -0.155071
v -0.150856 1.433861 -0.155071
v -0.205999 1.433861 -0.155071
v 0.179999 1.881032 0.093071
v 0.124856 1.881032 0.093071
v 0.069714 1.881032 0.093071
v 0.014571 1.881032 0.093071
v -0.040572 1.881032 0.093071
v -0.095714 1.881032 0.093071
v -0.150857 1.881032 0.093071
v -0.205999 1.881032 0.093071
v 0.179999 1.932729 0.093071
v 0.124856 1.932729 0.093071
v 0.069714 1.932729 0.093071
v 0.014571 1.932729 0.093071
v -0.040572 1.932729 0.093071
v -0.095714 1.932729 0.093071
v -0.150857 1.932729 0.093071
v -0.205999 1.932729 0.093071
v 0.179999 1.932729 -0.155070
v 0.124857 1.932729 -0.155071
v 0.069714 1.932729 -0.155071
v 0.014571 1.932729 -0.155071
v -0.040571 1.932729 -0.155071
v -0.095714 1.932729 -0.155071
v -0.150856 1.932729 -0.155071
v -0.205999 1.932729 -0.155071
v 0.179999 1.881032 -0.155071
v 0.124857 1.881032 -0.155071
v 0.069714 1.881032 -0.155071
v 0.014571 1.881032 -0.155071
v -0.040571 1.881032 -0.155071
v -0.095714 1.881032 -0.155071
v -0.150856 1.881032 -0.155071
v -0.205999 1.881032 -0.155071
v 0.179999 1.343392 -0.155071
v 0.124856 1.343392 -0.155071
v 0.069714 1.343392 -0.155071
v 0.014571 1.343392 -0.155071
v -0.040571 1.343392 -0.155071
v -0.095714 1.343392 -0.155071
v -0.150856 1.343392 -0.155071
v -0.205999 1.343392 -0.155071
v 0.179999 1.291696 -0.155071
v 0.124856 1.291696 -0.155071
v 0.069714 1.291696 -0.155071
v 0.014571 1.291696 -0.155071
v -0.040571 1.291696 -0.155071
v -0.095714 1.291696 -0.155071
v -0.150856 1.291696 -0.155071
v -0.205999 1.291696 -0.155071
v 0.179999 1.291696 0.093071
v 0.124856 1.291696 0.093071
v 0.069714 1.291696 0.093071
v 0.014571 1.291696 0.093071
v -0.040571 1.291696 0.093071
v -0.095714 1.291696 0.093071
v -0.150857 1.291696 0.093071
v -0.205999 1.291696 0.093071
v 0.179999 1.343392 0.093071
v 0.124856 1.343392 0.093071
v 0.069714 1.343392 0.093071
v 0.014571 1.343392 0.093071
v -0.040571 1.343392 0.093071
v -0.095714 1.343392 0.093071
v -0.150857 1.343392 0.093071
v -0.205999 1.343392 0.093071
v 0.207570 1.240000 -0.155071
v 0.207570 1.240000 0.093071
v 0.207571 1.984425 -0.155070
v 0.207570 1.984425 0.093071
v 0.207570 1.612212 0.093071
v 0.207570 1.612212 -0.155071
v 0.207570 1.550177 -0.155071
v 0.207570 1.550177 0.093071
v 0.207570 1.674248 0.093071
v 0.207570 1.674248 -0.155071
v 0.207570 1.829336 0.093071
v 0.207571 1.829336 -0.155070
v 0.207570 1.395088 -0.155071
v 0.207570 1.395088 0.093071
v 0.207570 1.643230 -0.155071
v 0.207570 1.643230 0.093071
v 0.207570 1.581195 0.093071
v 0.207570 1.581195 -0.155071
v 0.207571 1.790564 -0.155071
v 0.207571 1.751792 -0.155071
v 0.207571 1.713020 -0.155071
v 0.207570 1.713020 0.093071
v 0.207570 1.751792 0.093071
v 0.207570 1.790564 0.093071
v 0.207570 1.433861 0.093071
v 0.207570 1.472633 0.093071
v 0.207570 1.511405 0.093071
v 0.207570 1.511405 -0.155071
v 0.207570 1.472633 -0.155071
v 0.207570 1.433861 -0.155071
v 0.207570 1.881032 0.093071
v 0.207570 1.932729 0.093071
v 0.207571 1.932729 -0.155070
v 0.207571 1.881032 -0.155070
v 0.207570 1.343392 -0.155071
v 0.207570 1.291696 -0.155071
v 0.207570 1.291696 0.093071
v 0.207570 1.343392 0.093071
v -0.233570 1.240000 -0.155071
v -0.233570 1.240000 0.093071
v -0.233570 1.984425 -0.155071
v -0.233571 1.984425 0.093071
v -0.233570 1.612212 0.093071
v -0.233570 1.612212 -0.155071
v -0.233570 1.550177 -0.155071
v -0.233570 1.550177 0.093071
v -0.233571 1.674248 0.093071
v -0.233570 1.674248 -0.155071
v -0.233571 1.829336 0.093071
v -0.233570 1.829336 -0.155071
v -0.233570 1.395088 -0.155071
v -0.233570 1.395088 0.093071
v -0.233570 1.643230 -0.155071
v -0.233571 1.643230 0.093071
v -0.233570 1.581195 0.093071
v -0.233570 1.581195 -0.155071
v -0.233570 1.790564 -0.155071
v -0.233570 1.751792 -0.155071
v -0.233570 1.713020 -0.155071
v -0.233571 1.713020 0.093071
v -0.233571 1.751792 0.093071
v -0.233571 1.790564 0.093071
v -0.233570 1.433861 0.093071
v -0.233570 1.472633 0.093071
v -0.233570 1.511405 0.093071
v -0.233570 1.511405 -0.155071
v -0.233570 1.472633 -0.155071
v -0.233570 1.433861 -0.155071
v -0.233571 1.881032 0.093071
v -0.233571 1.932729 0.093071
v -0.233570 1.932729 -0.155071
v -0.233570 1.881032 -0.155071
v -0.233570 1.343392 -0.155071
v -0.233570 1.291696 -0.155071
v -0.233570 1.291696 0.093071
v -0.233570 1.343392 0.093071
v 0.152428 1.240000 -0.155071
v 0.152428 1.240000 0.093071
v 0.152428 1.984425 -0.155070
v 0.152427 1.984425 0.093071
v 0.152428 1.612212 0.093071
v 0.152428 1.612212 -0.155071
v 0.152428 1.550177 -0.155071
v 0.152428 1.550177 0.093071
v 0.152427 1.674248 0.093071
v 0.152428 1.674248 -0.155071
v 0.152427 1.829336 0.093071
v 0.152428 1.829336 -0.155071
v 0.152428 1.395088 -0.155071
v 0.152428 1.395088 0.093071
v 0.152428 1.643230 -0.155071
v 0.152427 1.643230 0.093071
v 0.152428 1.581195 0.093071
v 0.152428 1.581195 -0.155071
v 0.152428 1.790564 -0.155071
v 0.152428 1.751792 -0.155071
v 0.152428 1.713020 -0.155071
v 0.152427 1.713020 0.093071
v 0.152427 1.751792 0.093071
v 0.152427 1.790564 0.093071
v 0.152428 1.433861 0.093071
v 0.152428 1.472633 0.093071
v 0.152428 1.511405 0.093071
v 0.152428 1.511405 -0.155071
v 0.152428 1.472633 -0.155071
v 0.152428 1.433861 -0.155071
v 0.152427 1.881032 0.093071
v 0.152427 1.932729 0.093071
v 0.152428 1.932729 -0.155071
v 0.152428 1.881032 -0.155071
v 0.152428 1.343392 -0.155071
v 0.152428 1.291696 -0.155071
v 0.152428 1.291696 0.093071
v 0.152428 1.343392 0.093071
v -0.178428 1.240000 -0.155071
v -0.178428 1.240000 0.093071
v -0.178428 1.984425 -0.155071
v -0.178428 1.984425 0.093071
v -0.178428 1.612212 0.093071
v -0.178428 1.612212 -0.155071
v -0.178428 1.550177 -0.155071
v -0.178428 1.550177 0.093071
v -0.178428 1.674248 0.093071
v -0.178428 1.674248 -0.155071
v -0.178428 1.829336 0.093071
v -0.178428 1.829336 -0.155071
v -0.178428 1.395088 -0.155071
v -0.178428 1.395088 0.093071
v -0.178428 1.643230 -0.155071
v -0.178428 1.643230 0.093071
v -0.178428 1.581195 0.093071
v -0.178428 1.581195 -0.155071
v -0.178428 1.790564 -0.155071
v -0.178428 1.751792 -0.155071
v -0.178428 1.713020 -0.155071
v -0.178428 1.713020 0.093071
v -0.178428 1.751792 0.093071
v -0.178428 1.790564 0.093071
v -0.178428 1.433861 0.093071
v -0.178428 1.472633 0.093071
v -0.178428 1.511405 0.093071
v -0.178428 1.511405 -0.155071
v -0.178428 1.472633 -0.155071
v -0.178428 1.433861 -0.155071
v -0.178428 1.881032 0.093071
v -0.178428 1.932729 0.093071
v -0.178428 1.932729 -0.155071
v -0.178428 1.881032 -0.155071
v -0.178428 1.343392 -0.155071
v -0.178428 1.291696 -0.155071
v -0.178428 1.291696 0.093071
v -0.178428 1.343392 0.093071
v 0.235142 1.240000 -0.113714
v 0.235142 1.240000 -0.072357
v 0.235142 1.240000 -0.031000
v 0.235142 1.240000 0.010357
v 0.235142 1.240000 0.051714
v -0.261142 1.240000 0.051714
v -0.261142 1.240000 0.010357
v -0.261142 1.240000 -0.031000
v -0.261141 1.240000 -0.072357
v -0.261141 1.240000 -0.113714
v 0.235142 1.984425 -0.113714
v 0.235142 1.984425 -0.072357
v 0.235142 1.984425 -0.031000
v 0.235141 1.984425 0.010357
v 0.235141 1.984425 0.051714
v -0.261142 1.984425 0.051714
v -0.261142 1.984425 0.010357
v -0.261142 1.984425 -0.031000
v -0.261142 1.984425 -0.072357
v -0.261142 1.984425 -0.113714
v 0.235142 1.612212 -0.113714
v 0.235142 1.612212 -0.072357
v 0.235142 1.612212 -0.031000
v 0.235142 1.612212 0.010357
v 0.235141 1.612212 0.051714
v -0.261142 1.612212 0.051714
v -0.261142 1.612212 0.010357
v -0.261142 1.612212 -0.031000
v -0.261142 1.612212 -0.072357
v -0.261142 1.612212 -0.113714
v 0.235142 1.550177 -0.113714
v 0.235142 1.550177 -0.072357
v 0.235142 1.550177 -0.031000
v 0.235142 1.550177 0.010357
v 0.235142 1.550177 0.051714
v -0.261142 1.550177 0.051714
v -0.261142 1.550177 0.010357
v -0.261142 1.550177 -0.031000
v -0.261142 1.550177 -0.072357
v -0.261141 1.550177 -0.113714
v 0.235142 1.674248 -0.113714
v 0.235142 1.674248 -0.072357
v 0.235142 1.674248 -0.031000
v 0.235141 1.674248 0.010357
v 0.235141 1.674248 0.051714
v -0.261142 1.674248 0.051714
v -0.261142 1.674248 0.010357
v -0.261142 1.674248 -0.031000
v -0.261142 1.674248 -0.072357
v -0.261142 1.674248 -0.113714
v 0.235142 1.829336 -0.113714
v 0.235142 1.829336 -0.072357
v 0.235142 1.829336 -0.031000
v 0.235141 1.829336 0.010357
v 0.235141 1.829336 0.051714
v -0.261142 1.829336 0.051714
v -0.261142 1.829336 0.010357
v -0.261142 1.829336 -0.031000
v -0.261142 1.829336 -0.072357
v -0.261142 1.829336 -0.113714
v 0.235142 1.395088 -0.113714
v 0.235142 1.395088 -0.072357
v 0.235142 1.395088 -0.031000
v 0.235142 1.395088 0.010357
v 0.235142 1.395088 0.051714
v -0.261142 1.395088 0.051714
v -0.261142 1.395088 0.010357
v -0.261142 1.395088 -0.031000
v -0.261142 1.395088 -0.072357
v -0.261141 1.395088 -0.113714
v 0.235142 1.643230 -0.113714
v 0.235142 1.643230 -0.072357
v 0.235142 1.643230 -0.031000
v 0.235141 1.643230 0.010357
v 0.235141 1.643230 0.051714
v -0.261142 1.643230 0.051714
v -0.261142 1.643230 0.010357
v -0.261142 1.643230 -0.031000
v -0.261142 1.643230 -0.072357
v -0.261142 1.643230 -0.113714
v 0.235142 1.581195 -0.113714
v 0.235142 1.581195 -0.072357
v 0.235142 1.581195 -0.031000
v 0.235142 1.581195 0.010357
v 0.235141 1.581195 0.051714
v -0.261142 1.581195 0.051714
v -0.261142 1.581195 0.010357
v -0.261142 1.581195 -0.031000
v -0.261142 1.581195 -0.072357
v -0.261142 1.581195 -0.113714
v 0.235142 1.713020 -0.113714
v 0.235142 1.713020 -0.072357
v 0.235142 1.713020 -0.031000
v 0.235141 1.713020 0.010357
v 0.235141 1.713020 0.051714
v 0.235142 1.751792 -0.113714
v 0.235142 1.751792 -0.072357
v 0.235142 1.751792 -0.031000
v 0.235141 1.751792 0.010357
v 0.235141 1.751792 0.051714
v 0.235142 1.790564 -0.113714
v 0.235142 1.790564 -0.072357
v 0.235142 1.790564 -0.031000
v 0.235141 1.790564 0.010357
v 0.235141 1.790564 0.051714
v -0.261142 1.713020 0.051714
v -0.261142 1.713020 0.010357
v -0.261142 1.713020 -0.031000
v -0.261142 1.713020 -0.072357
v -0.261142 1.713020 -0.113714
v -0.261142 1.751792 0.051714
v -0.261142 1.751792 0.010357
v -0.261142 1.751792 -0.031000
v -0.261142 1.751792 -0.072357
v -0.261142 1.751792 -0.113714
v -0.261142 1.790564 0.051714
v -0.261142 1.790564 0.010357
v -0.261142 1.790564 -0.031000
v -0.261142 1.790564 -0.072357
v -0.261142 1.790564 -0.113714
v 0.235142 1.433861 -0.113714
v 0.235142 1.433861 -0.072357
v 0.235142 1.433861 -0.031000
v 0.235142 1.433861 0.010357
v 0.235142 1.433861 0.051714
v 0.235142 1.472633 -0.113714
v 0.235142 1.472633 -0.072357
v 0.235142 1.472633 -0.031000
v 0.235142 1.472633 0.010357
v 0.235142 1.472633 0.051714
v 0.235142 1.511405 -0.113714
v 0.235142 1.511405 -0.072357
v 0.235142 1.511405 -0.031000
v 0.235142 1.511405 0.010357
v 0.235142 1.511405 0.051714
v -0.261142 1.433861 0.051714
v -0.261142 1.433861 0.010357
v -0.261142 1.433861 -0.031000
v -0.261142 1.433861 -0.072357
v -0.261141 1.433861 -0.113714
v -0.261142 1.472633 0.051714
v -0.261142 1.472633 0.010357
v -0.261142 1.472633 -0.031000
v -0.261142 1.472633 -0.072357
v -0.261141 1.472633 -0.113714
v -0.261142 1.511405 0.051714
v -0.261142 1.511405 0.010357
v -0.261142 1.511405 -0.031000
v -0.261142 1.511405 -0.072357
v -0.261141 1.511405 -0.113714
v 0.235142 1.881032 -0.113714
v 0.235142 1.881032 -0.072357
v 0.235142 1.881032 -0.031000
v 0.235141 1.881032 0.010357
v 0.235141 1.881032 0.051714
v 0.235142 1.932729 -0.113714
v 0.235142 1.932729 -0.072357
v 0.235142 1.932729 -0.031000
v 0.235141 1.932729 0.010357
v 0.235141 1.932729 0.051714
v -0.261142 1.881032 0.051714
v -0.261142 1.881032 0.010357
v -0.261142 1.881032 -0.031000
v -0.261142 1.881032 -0.072357
v -0.261142 1.881032 -0.113714
v -0.261142 1.932729 0.051714
v -0.261142 1.932729 0.010357
v -0.261142 1.932729 -0.031000
v -0.261142 1.932729 -0.072357
v -0.261142 1.932729 -0.113714
v 0.235142 1.291696 -0.113714
v 0.235142 1.291696 -0.072357
v 0.235142 1.291696 -0.031000
v 0.235142 1.291696 0.010357
v 0.235142 1.291696 0.051714
v 0.235142 1.343392 -0.113714
v 0.235142 1.343392 -0.072357
v 0.235142 1.343392 -0.031000
v 0.235142 1.343392 0.010357
v 0.235142 1.343392 0.051714
v -0.261142 1.291696 0.051714
v -0.261142 1.291696 0.010357
v -0.261142 1.291696 -0.031000
v -0.261142 1.291696 -0.072357
v -0.261141 1.291696 -0.113714
v -0.261142 1.343392 0.051714
v -0.261142 1.343392 0.010357
v -0.261142 1.343392 -0.031000
v -0.261142 1.343392 -0.072357
v -0.261141 1.343392 -0.113714
v 0.179999 1.240000 0.051714
v 0.179999 1.240000 0.010357
v 0.179999 1.240000 -0.031000
v 0.179999 1.240000 -0.072357
v 0.179999 1.240000 -0.113714
v 0.124856 1.240000 0.051714
v 0.124856 1.240000 0.010357
v 0.124856 1.240000 -0.031000
v 0.124856 1.240000 -0.072357
v 0.124856 1.240000 -0.113714
v 0.069714 1.240000 0.051714
v 0.069714 1.240000 0.010357
v 0.069714 1.240000 -0.031000
v 0.069714 1.240000 -0.072357
v 0.069714 1.240000 -0.113714
v 0.014571 1.240000 0.051714
v 0.014571 1.240000 0.010357
v 0.014571 1.240000 -0.031000
v 0.014571 1.240000 -0.072357
v 0.014571 1.240000 -0.113714
v -0.040571 1.240000 0.051714
v -0.040571 1.240000 0.010357
v -0.040571 1.240000 -0.031000
v -0.040571 1.240000 -0.072357
v -0.040571 1.240000 -0.113714
v -0.095714 1.240000 0.051714
v -0.095714 1.240000 0.010357
v -0.095714 1.240000 -0.031000
v -0.095714 1.240000 -0.072357
v -0.095714 1.240000 -0.113714
v -0.150856 1.240000 0.051714
v -0.150856 1.240000 0.010357
v -0.150856 1.240000 -0.031000
v -0.150856 1.240000 -0.072357
v -0.150856 1.240000 -0.113714
v -0.205999 1.240000 0.051714
v -0.205999 1.240000 0.010357
v -0.205999 1.240000 -0.031000
v -0.205999 1.240000 -0.072357
v -0.205999 1.240000 -0.113714
v 0.179999 1.984425 -0.113714
v 0.179999 1.984425 -0.072357
v 0.179999 1.984425 -0.031000
v 0.179999 1.984425 0.010357
v 0.179999 1.984425 0.051714
v 0.124857 1.984425 -0.113714
v 0.124856 1.984425 -0.072357
v 0.124856 1.984425 -0.031000
v 0.124856 1.984425 0.010357
v 0.124856 1.984425 0.051714
v 0.069714 1.984425 -0.113714
v 0.069714 1.984425 -0.072357
v 0.069714 1.984425 -0.031000
v 0.069714 1.984425 0.010357
v 0.069714 1.984425 0.051714
v 0.014571 1.984425 -0.113714
v 0.014571 1.984425 -0.072357
v 0.014571 1.984425 -0.031000
v 0.014571 1.984425 0.010357
v 0.014571 1.984425 0.051714
v -0.040571 1.984425 -0.113714
v -0.040571 1.984425 -0.072357
v -0.040571 1.984425 -0.031000
v -0.040571 1.984425 0.010357
v -0.040572 1.984425 0.051714
v -0.095714 1.984425 -0.113714
v -0.095714 1.984425 -0.072357
v -0.095714 1.984425 -0.031000
v -0.095714 1.984425 0.010357
v -0.095714 1.984425 0.051714
v -0.150856 1.984425 -0.113714
v -0.150856 1.984425 -0.072357
v -0.150857 1.984425 -0.031000
v -0.150857 1.984425 0.010357
v -0.150857 1.984425 0.051714
v -0.205999 1.984425 -0.113714
v -0.205999 1.984425 -0.072357
v -0.205999 1.984425 -0.031000
v -0.205999 1.984425 0.010357
v -0.205999 1.984425 0.051714
v 0.207570 1.240000 0.051714
v 0.207570 1.240000 0.010357
v 0.207570 1.240000 -0.031000
v 0.207570 1.240000 -0.072357
v 0.207570 1.240000 -0.113714
v 0.207570 1.984425 -0.113714
v 0.207570 1.984425 -0.072357
v 0.207570 1.984425 -0.031000
v 0.207570 1.984425 0.010357
v 0.207570 1.984425 0.051714
v -0.233570 1.240000 0.051714
v -0.233570 1.240000 0.010357
v -0.233570 1.240000 -0.031000
v -0.233570 1.240000 -0.072357
v -0.233570 1.240000 -0.113714
v -0.233570 1.984425 -0.113714
v -0.233570 1.984425 -0.072357
v -0.233570 1.984425 -0.031000
v -0.233570 1.984425 0.010357
v -0.233571 1.984425 0.051714
v 0.152428 1.240000 0.051714
v 0.152428 1.240000 0.010357
v 0.152428 1.240000 -0.031000
v 0.152428 1.240000 -0.072357
v 0.152428 1.240000 -0.113714
v 0.152428 1.984425 -0.113714
v 0.152428 1.984425 -0.072357
v 0.152428 1.984425 -0.031000
v 0.152428 1.984425 0.010357
v 0.152427 1.984425 0.051714
v -0.178428 1.240000 0.051714
v -0.178428 1.240000 0.010357
v -0.178428 1.240000 -0.031000
v -0.178428 1.240000 -0.072357
v -0.178428 1.240000 -0.113714
v -0.178428 1.984425 -0.113714
v -0.178428 1.984425 -0.072357
v -0.178428 1.984425 -0.031000
v -0.178428 1.984425 0.010357
v -0.178428 1.984425 0.051714
vn -0.0000 -1.0000 -0.0000
vn -0.0000 1.0000 -0.0000
vn 1.0000 -0.0000 -0.0000
vn -0.0000 -0.0000 1.0000
vn -1.0000 -0.0000 -0.0000
vn -0.0000 -0.0000 -1.0000
vt 0.187500 0.375000
vt 0.187500 0.500000
vt 0.125000 0.500000
vt 0.125000 0.375000
vt 0.062500 0.500000
vt 0.062500 0.375000
vt 0.187500 0.218750
vt 0.125000 0.218750
vt 0.062500 0.218750
vt 0.078125 0.218750
vt 0.093750 0.218750
vt 0.109375 0.218750
vt 0.000000 0.375000
vt 0.000000 0.218750
vt 0.187500 0.156250
vt 0.187500 0.000000
vt 0.250000 0.000000
vt 0.250000 0.156250
vt 0.187500 0.187500
vt 0.125000 0.187500
vt 0.125000 0.179688
vt 0.125000 0.171875
vt 0.125000 0.164062
vt 0.125000 0.156250
vt 0.078125 0.179688
vt 0.078125 0.187500
vt 0.062500 0.187500
vt 0.062500 0.179688
vt 0.062500 0.156250
vt 0.062500 0.164062
vt 0.062500 0.171875
vt 0.000000 0.187500
vt 0.000000 0.156250
vt 0.250000 0.187500
vt 0.250000 0.218750
vt 0.125000 0.000000
vt 0.109375 0.156250
vt 0.093750 0.156250
vt 0.078125 0.156250
vt 0.062500 0.000000
vt 0.000000 0.000000
vt 0.125000 0.210938
vt 0.125000 0.203125
vt 0.125000 0.195312
vt 0.078125 0.210938
vt 0.062500 0.210938
vt 0.062500 0.195312
vt 0.062500 0.203125
vt 0.250000 0.375000
vt 0.812500 0.375000
vt 0.812500 0.500000
vt 0.750000 0.500000
vt 0.750000 0.375000
vt 0.687500 0.500000
vt 0.687500 0.375000
vt 0.812500 0.218750
vt 0.750000 0.218750
vt 0.687500 0.218750
vt 0.625000 0.375000
vt 0.625000 0.218750
vt 0.812500 0.156250
vt 0.812500 0.000000
vt 0.875000 0.000000
vt 0.875000 0.156250
vt 0.859375 0.156250
vt 0.843750 0.156250
vt 0.828125 0.156250
vt 0.812500 0.164062
vt 0.812500 0.171875
vt 0.812500 0.179688
vt 0.812500 0.187500
vt 0.750000 0.187500
vt 0.750000 0.156250
vt 0.687500 0.187500
vt 0.687500 0.156250
vt 0.625000 0.187500
vt 0.625000 0.179688
vt 0.625000 0.171875
vt 0.625000 0.164062
vt 0.625000 0.156250
vt 0.859375 0.195312
vt 0.859375 0.187500
vt 0.875000 0.187500
vt 0.875000 0.195312
vt 0.859375 0.164062
vt 0.875000 0.164062
vt 0.750000 0.000000
vt 0.687500 0.000000
vt 0.625000 0.000000
vt 0.812500 0.195312
vt 0.812500 0.203125
vt 0.812500 0.210938
vt 0.625000 0.210938
vt 0.625000 0.203125
vt 0.625000 0.195312
vt 0.828125 0.218750
vt 0.843750 0.218750
vt 0.859375 0.218750
vt 0.875000 0.218750
vt 0.875000 0.375000
vt 0.444444 0.479167
vt 0.444444 0.500000
vt 0.437500 0.500000
vt 0.437500 0.479167
vt 0.319444 0.395833
vt 0.312500 0.395833
vt 0.312500 0.375000
vt 0.319444 0.375000
vt 0.447917 0.348958
vt 0.447917 0.375000
vt 0.437500 0.375000
vt 0.437500 0.348958
vt 0.319444 0.348958
vt 0.312500 0.348958
vt 0.260417 0.348958
vt 0.260417 0.375000
vt 0.250000 0.348958
vt 0.618056 0.026042
vt 0.618056 0.000000
vt 0.625000 0.026042
vt 0.375000 0.750000
vt 0.375000 1.000000
vt 0.250000 1.000000
vt 0.250000 0.750000
vt 0.125000 1.000000
vt 0.125000 0.750000
vt 0.375000 0.500000
vt 0.250000 0.500000
vt 0.000000 0.750000
vt 0.000000 0.500000
vt 0.500000 0.500000
vt 0.500000 0.750000
vt 0.447917 0.171875
vt 0.447917 0.187500
vt 0.437500 0.187500
vt 0.437500 0.171875
vt 0.319444 0.171875
vt 0.319444 0.187500
vt 0.312500 0.187500
vt 0.312500 0.171875
vt 0.260417 0.171875
vt 0.260417 0.187500
vt 0.250000 0.171875
vt 0.618056 0.203125
vt 0.618056 0.187500
vt 0.618056 0.171875
vt 0.618056 0.156250
vt 0.447917 0.136719
vt 0.447917 0.156250
vt 0.437500 0.156250
vt 0.437500 0.136719
vt 0.319444 0.136719
vt 0.319444 0.156250
vt 0.312500 0.156250
vt 0.312500 0.136719
vt 0.260417 0.136719
vt 0.260417 0.156250
vt 0.250000 0.136719
vt 0.447917 0.203125
vt 0.447917 0.218750
vt 0.437500 0.218750
vt 0.437500 0.203125
vt 0.319444 0.203125
vt 0.319444 0.218750
vt 0.312500 0.218750
vt 0.312500 0.203125
vt 0.260417 0.203125
vt 0.260417 0.218750
vt 0.250000 0.203125
vt 0.618056 0.238281
vt 0.618056 0.218750
vt 0.625000 0.238281
vt 0.447917 0.277344
vt 0.447917 0.296875
vt 0.437500 0.296875
vt 0.437500 0.277344
vt 0.319444 0.277344
vt 0.319444 0.296875
vt 0.312500 0.296875
vt 0.312500 0.277344
vt 0.260417 0.277344
vt 0.260417 0.296875
vt 0.250000 0.296875
vt 0.250000 0.277344
vt 0.618056 0.322917
vt 0.618056 0.296875
vt 0.625000 0.296875
vt 0.625000 0.322917
vt 0.618056 0.097656
vt 0.618056 0.078125
vt 0.625000 0.078125
vt 0.625000 0.097656
vt 0.447917 0.052083
vt 0.447917 0.078125
vt 0.437500 0.078125
vt 0.437500 0.052083
vt 0.319444 0.052083
vt 0.319444 0.078125
vt 0.312500 0.078125
vt 0.312500 0.052083
vt 0.260417 0.052083
vt 0.260417 0.078125
vt 0.250000 0.078125
vt 0.250000 0.052083
vt 0.859375 0.210938
vt 0.859375 0.203125
vt 0.875000 0.203125
vt 0.875000 0.210938
vt 0.828125 0.210938
vt 0.828125 0.203125
vt 0.843750 0.203125
vt 0.843750 0.210938
vt 0.828125 0.195312
vt 0.828125 0.187500
vt 0.843750 0.187500
vt 0.843750 0.195312
vt 0.859375 0.179688
vt 0.859375 0.171875
vt 0.875000 0.171875
vt 0.875000 0.179688
vt 0.828125 0.179688
vt 0.828125 0.171875
vt 0.843750 0.171875
vt 0.843750 0.179688
vt 0.828125 0.164062
vt 0.843750 0.164062
vt 0.078125 0.164062
vt 0.078125 0.171875
vt 0.109375 0.164062
vt 0.109375 0.171875
vt 0.093750 0.171875
vt 0.093750 0.164062
vt 0.109375 0.179688
vt 0.109375 0.187500
vt 0.093750 0.187500
vt 0.093750 0.179688
vt 0.078125 0.195312
vt 0.078125 0.203125
vt 0.109375 0.195312
vt 0.109375 0.203125
vt 0.093750 0.203125
vt 0.093750 0.195312
vt 0.109375 0.210938
vt 0.093750 0.210938
vt 0.618056 0.277344
vt 0.625000 0.277344
vt 0.618056 0.257812
vt 0.625000 0.257812
vt 0.447917 0.238281
vt 0.437500 0.238281
vt 0.447917 0.257812
vt 0.437500 0.257812
vt 0.319444 0.238281
vt 0.312500 0.238281
vt 0.319444 0.257812
vt 0.312500 0.257812
vt 0.260417 0.238281
vt 0.250000 0.238281
vt 0.260417 0.257812
vt 0.250000 0.257812
vt 0.447917 0.097656
vt 0.437500 0.097656
vt 0.447917 0.117188
vt 0.437500 0.117188
vt 0.319444 0.097656
vt 0.312500 0.097656
vt 0.319444 0.117188
vt 0.312500 0.117188
vt 0.260417 0.097656
vt 0.250000 0.097656
vt 0.260417 0.117188
vt 0.250000 0.117188
vt 0.618056 0.136719
vt 0.625000 0.136719
vt 0.618056 0.117188
vt 0.625000 0.117188
vt 0.447917 0.322917
vt 0.437500 0.322917
vt 0.319444 0.322917
vt 0.312500 0.322917
vt 0.260417 0.322917
vt 0.250000 0.322917
vt 0.618056 0.375000
vt 0.618056 0.348958
vt 0.625000 0.348958
vt 0.618056 0.052083
vt 0.625000 0.052083
vt 0.447917 0.000000
vt 0.447917 0.026042
vt 0.437500 0.026042
vt 0.437500 0.000000
vt 0.319444 0.000000
vt 0.319444 0.026042
vt 0.312500 0.026042
vt 0.312500 0.000000
vt 0.260417 0.000000
vt 0.260417 0.026042
vt 0.250000 0.026042
vt 0.555556 0.479167
vt 0.555556 0.500000
vt 0.548611 0.500000
vt 0.548611 0.479167
vt 0.541667 0.479167
vt 0.541667 0.500000
vt 0.534722 0.500000
vt 0.534722 0.479167
vt 0.520833 0.500000
vt 0.520833 0.479167
vt 0.506944 0.500000
vt 0.506944 0.479167
vt 0.493056 0.500000
vt 0.493056 0.479167
vt 0.479167 0.500000
vt 0.479167 0.479167
vt 0.465278 0.500000
vt 0.465278 0.479167
vt 0.458333 0.479167
vt 0.458333 0.500000
vt 0.451389 0.500000
vt 0.451389 0.479167
vt 0.430556 0.395833
vt 0.423611 0.395833
vt 0.423611 0.375000
vt 0.430556 0.375000
vt 0.416667 0.395833
vt 0.409722 0.395833
vt 0.409722 0.375000
vt 0.416667 0.375000
vt 0.395833 0.395833
vt 0.395833 0.375000
vt 0.381944 0.395833
vt 0.381944 0.375000
vt 0.368056 0.395833
vt 0.368056 0.375000
vt 0.354167 0.395833
vt 0.354167 0.375000
vt 0.340278 0.395833
vt 0.340278 0.375000
vt 0.333333 0.395833
vt 0.326389 0.395833
vt 0.326389 0.375000
vt 0.333333 0.375000
vt 0.430556 0.348958
vt 0.423611 0.348958
vt 0.416667 0.348958
vt 0.409722 0.348958
vt 0.395833 0.348958
vt 0.381944 0.348958
vt 0.368056 0.348958
vt 0.354167 0.348958
vt 0.340278 0.348958
vt 0.333333 0.348958
vt 0.326389 0.348958
vt 0.506944 0.026042
vt 0.506944 0.000000
vt 0.513889 0.000000
vt 0.513889 0.026042
vt 0.520833 0.026042
vt 0.520833 0.000000
vt 0.527778 0.000000
vt 0.527778 0.026042
vt 0.541667 0.000000
vt 0.541667 0.026042
vt 0.555556 0.000000
vt 0.555556 0.026042
vt 0.569444 0.000000
vt 0.569444 0.026042
vt 0.583333 0.000000
vt 0.583333 0.026042
vt 0.597222 0.000000
vt 0.597222 0.026042
vt 0.604167 0.026042
vt 0.604167 0.000000
vt 0.611111 0.000000
vt 0.611111 0.026042
vt 0.430556 0.171875
vt 0.430556 0.187500
vt 0.423611 0.187500
vt 0.423611 0.171875
vt 0.416667 0.171875
vt 0.416667 0.187500
vt 0.409722 0.187500
vt 0.409722 0.171875
vt 0.395833 0.187500
vt 0.395833 0.171875
vt 0.381944 0.187500
vt 0.381944 0.171875
vt 0.368056 0.187500
vt 0.368056 0.171875
vt 0.354167 0.187500
vt 0.354167 0.171875
vt 0.340278 0.187500
vt 0.340278 0.171875
vt 0.333333 0.171875
vt 0.333333 0.187500
vt 0.326389 0.187500
vt 0.326389 0.171875
vt 0.506944 0.203125
vt 0.506944 0.187500
vt 0.513889 0.187500
vt 0.513889 0.203125
vt 0.520833 0.203125
vt 0.520833 0.187500
vt 0.527778 0.187500
vt 0.527778 0.203125
vt 0.541667 0.187500
vt 0.541667 0.203125
vt 0.555556 0.187500
vt 0.555556 0.203125
vt 0.569444 0.187500
vt 0.569444 0.203125
vt 0.583333 0.187500
vt 0.583333 0.203125
vt 0.597222 0.187500
vt 0.597222 0.203125
vt 0.604167 0.203125
vt 0.604167 0.187500
vt 0.611111 0.187500
vt 0.611111 0.203125
vt 0.506944 0.171875
vt 0.506944 0.156250
vt 0.513889 0.156250
vt 0.513889 0.171875
vt 0.520833 0.171875
vt 0.520833 0.156250
vt 0.527778 0.156250
vt 0.527778 0.171875
vt 0.541667 0.156250
vt 0.541667 0.171875
vt 0.555556 0.156250
vt 0.555556 0.171875
vt 0.569444 0.156250
vt 0.569444 0.171875
vt 0.583333 0.156250
vt 0.583333 0.171875
vt 0.597222 0.156250
vt 0.597222 0.171875
vt 0.604167 0.171875
vt 0.604167 0.156250
vt 0.611111 0.156250
vt 0.611111 0.171875
vt 0.430556 0.136719
vt 0.430556 0.156250
vt 0.423611 0.156250
vt 0.423611 0.136719
vt 0.416667 0.136719
vt 0.416667 0.156250
vt 0.409722 0.156250
vt 0.409722 0.136719
vt 0.395833 0.156250
vt 0.395833 0.136719
vt 0.381944 0.156250
vt 0.381944 0.136719
vt 0.368056 0.156250
vt 0.368056 0.136719
vt 0.354167 0.156250
vt 0.354167 0.136719
vt 0.340278 0.156250
vt 0.340278 0.136719
vt 0.333333 0.136719
vt 0.333333 0.156250
vt 0.326389 0.156250
vt 0.326389 0.136719
vt 0.430556 0.203125
vt 0.430556 0.218750
vt 0.423611 0.218750
vt 0.423611 0.203125
vt 0.416667 0.203125
vt 0.416667 0.218750
vt 0.409722 0.218750
vt 0.409722 0.203125
vt 0.395833 0.218750
vt 0.395833 0.203125
vt 0.381944 0.218750
vt 0.381944 0.203125
vt 0.368056 0.218750
vt 0.368056 0.203125
vt 0.354167 0.218750
vt 0.354167 0.203125
vt 0.340278 0.218750
vt 0.340278 0.203125
vt 0.333333 0.203125
vt 0.333333 0.218750
vt 0.326389 0.218750
vt 0.326389 0.203125
vt 0.506944 0.238281
vt 0.506944 0.218750
vt 0.513889 0.218750
vt 0.513889 0.238281
vt 0.520833 0.238281
vt 0.520833 0.218750
vt 0.527778 0.218750
vt 0.527778 0.238281
vt 0.541667 0.218750
vt 0.541667 0.238281
vt 0.555556 0.218750
vt 0.555556 0.238281
vt 0.569444 0.218750
vt 0.569444 0.238281
vt 0.583333 0.218750
vt 0.583333 0.238281
vt 0.597222 0.218750
vt 0.597222 0.238281
vt 0.604167 0.238281
vt 0.604167 0.218750
vt 0.611111 0.218750
vt 0.611111 0.238281
vt 0.430556 0.277344
vt 0.430556 0.296875
vt 0.423611 0.296875
vt 0.423611 0.277344
vt 0.416667 0.277344
vt 0.416667 0.296875
vt 0.409722 0.296875
vt 0.409722 0.277344
vt 0.395833 0.296875
vt 0.395833 0.277344
vt 0.381944 0.296875
vt 0.381944 0.277344
vt 0.368056 0.296875
vt 0.368056 0.277344
vt 0.354167 0.296875
vt 0.354167 0.277344
vt 0.340278 0.296875
vt 0.340278 0.277344
vt 0.333333 0.277344
vt 0.333333 0.296875
vt 0.326389 0.296875
vt 0.326389 0.277344
vt 0.506944 0.322917
vt 0.506944 0.296875
vt 0.513889 0.296875
vt 0.513889 0.322917
vt 0.520833 0.322917
vt 0.520833 0.296875
vt 0.527778 0.296875
vt 0.527778 0.322917
vt 0.541667 0.296875
vt 0.541667 0.322917
vt 0.555556 0.296875
vt 0.555556 0.322917
vt 0.569444 0.296875
vt 0.569444 0.322917
vt 0.583333 0.296875
vt 0.583333 0.322917
vt 0.597222 0.296875
vt 0.597222 0.322917
vt 0.604167 0.322917
vt 0.604167 0.296875
vt 0.611111 0.296875
vt 0.611111 0.322917
vt 0.506944 0.097656
vt 0.506944 0.078125
vt 0.513889 0.078125
vt 0.513889 0.097656
vt 0.520833 0.097656
vt 0.520833 0.078125
vt 0.527778 0.078125
vt 0.527778 0.097656
vt 0.541667 0.078125
vt 0.541667 0.097656
vt 0.555556 0.078125
vt 0.555556 0.097656
vt 0.569444 0.078125
vt 0.569444 0.097656
vt 0.583333 0.078125
vt 0.583333 0.097656
vt 0.597222 0.078125
vt 0.597222 0.097656
vt 0.604167 0.097656
vt 0.604167 0.078125
vt 0.611111 0.078125
vt 0.611111 0.097656
vt 0.430556 0.052083
vt 0.430556 0.078125
vt 0.423611 0.078125
vt 0.423611 0.052083
vt 0.416667 0.052083
vt 0.416667 0.078125
vt 0.409722 0.078125
vt 0.409722 0.052083
vt 0.395833 0.078125
vt 0.395833 0.052083
vt 0.381944 0.078125
vt 0.381944 0.052083
vt 0.368056 0.078125
vt 0.368056 0.052083
vt 0.354167 0.078125
vt 0.354167 0.052083
vt 0.340278 0.078125
vt 0.340278 0.052083
vt 0.333333 0.052083
vt 0.333333 0.078125
vt 0.326389 0.078125
vt 0.326389 0.052083
vt 0.506944 0.277344
vt 0.513889 0.277344
vt 0.520833 0.277344
vt 0.527778 0.277344
vt 0.541667 0.277344
vt 0.555556 0.277344
vt 0.569444 0.277344
vt 0.583333 0.277344
vt 0.597222 0.277344
vt 0.604167 0.277344
vt 0.611111 0.277344
vt 0.506944 0.257812
vt 0.513889 0.257812
vt 0.520833 0.257812
vt 0.527778 0.257812
vt 0.541667 0.257812
vt 0.555556 0.257812
vt 0.569444 0.257812
vt 0.583333 0.257812
vt 0.597222 0.257812
vt 0.604167 0.257812
vt 0.611111 0.257812
vt 0.430556 0.238281
vt 0.423611 0.238281
vt 0.416667 0.238281
vt 0.409722 0.238281
vt 0.395833 0.238281
vt 0.381944 0.238281
vt 0.368056 0.238281
vt 0.354167 0.238281
vt 0.340278 0.238281
vt 0.333333 0.238281
vt 0.326389 0.238281
vt 0.430556 0.257812
vt 0.423611 0.257812
vt 0.416667 0.257812
vt 0.409722 0.257812
vt 0.395833 0.257812
vt 0.381944 0.257812
vt 0.368056 0.257812
vt 0.354167 0.257812
vt 0.340278 0.257812
vt 0.333333 0.257812
vt 0.326389 0.257812
vt 0.430556 0.097656
vt 0.423611 0.097656
vt 0.416667 0.097656
vt 0.409722 0.097656
vt 0.395833 0.097656
vt 0.381944 0.097656
vt 0.368056 0.097656
vt 0.354167 0.097656
vt 0.340278 0.097656
vt 0.333333 0.097656
vt 0.326389 0.097656
vt 0.430556 0.117188
vt 0.423611 0.117188
vt 0.416667 0.117188
vt 0.409722 0.117188
vt 0.395833 0.117188
vt 0.381944 0.117188
vt 0.368056 0.117188
vt 0.354167 0.117188
vt 0.340278 0.117188
vt 0.333333 0.117188
vt 0.326389 0.117188
vt 0.506944 0.136719
vt 0.513889 0.136719
vt 0.520833 0.136719
vt 0.527778 0.136719
vt 0.541667 0.136719
vt 0.555556 0.136719
vt 0.569444 0.136719
vt 0.583333 0.136719
vt 0.597222 0.136719
vt 0.604167 0.136719
vt 0.611111 0.136719
vt 0.506944 0.117188
vt 0.513889 0.117188
vt 0.520833 0.117188
vt 0.527778 0.117188
vt 0.541667 0.117188
vt 0.555556 0.117188
vt 0.569444 0.117188
vt 0.583333 0.117188
vt 0.597222 0.117188
vt 0.604167 0.117188
vt 0.611111 0.117188
vt 0.430556 0.322917
vt 0.423611 0.322917
vt 0.416667 0.322917
vt 0.409722 0.322917
vt 0.395833 0.322917
vt 0.381944 0.322917
vt 0.368056 0.322917
vt 0.354167 0.322917
vt 0.340278 0.322917
vt 0.333333 0.322917
vt 0.326389 0.322917
vt 0.506944 0.375000
vt 0.506944 0.348958
vt 0.513889 0.348958
vt 0.513889 0.375000
vt 0.520833 0.375000
vt 0.520833 0.348958
vt 0.527778 0.348958
vt 0.527778 0.375000
vt 0.541667 0.348958
vt 0.541667 0.375000
vt 0.555556 0.348958
vt 0.555556 0.375000
vt 0.569444 0.348958
vt 0.569444 0.375000
vt 0.583333 0.348958
vt 0.583333 0.375000
vt 0.597222 0.348958
vt 0.597222 0.375000
vt 0.604167 0.375000
vt 0.604167 0.348958
vt 0.611111 0.348958
vt 0.611111 0.375000
vt 0.506944 0.052083
vt 0.513889 0.052083
vt 0.520833 0.052083
vt 0.527778 0.052083
vt 0.541667 0.052083
vt 0.555556 0.052083
vt 0.569444 0.052083
vt 0.583333 0.052083
vt 0.597222 0.052083
vt 0.604167 0.052083
vt 0.611111 0.052083
vt 0.430556 0.000000
vt 0.430556 0.026042
vt 0.423611 0.026042
vt 0.423611 0.000000
vt 0.416667 0.000000
vt 0.416667 0.026042
vt 0.409722 0.026042
vt 0.409722 0.000000
vt 0.395833 0.026042
vt 0.395833 0.000000
vt 0.381944 0.026042
vt 0.381944 0.000000
vt 0.368056 0.026042
vt 0.368056 0.000000
vt 0.354167 0.026042
vt 0.354167 0.000000
vt 0.340278 0.026042
vt 0.340278 0.000000
vt 0.333333 0.000000
vt 0.333333 0.026042
vt 0.326389 0.026042
vt 0.326389 0.000000
vt 0.562500 0.479167
vt 0.562500 0.500000
vt 0.437500 0.395833
vt 0.500000 0.026042
vt 0.500000 0.000000
vt 0.500000 0.203125
vt 0.500000 0.187500
vt 0.500000 0.171875
vt 0.500000 0.156250
vt 0.500000 0.238281
vt 0.500000 0.218750
vt 0.500000 0.322917
vt 0.500000 0.296875
vt 0.500000 0.097656
vt 0.500000 0.078125
vt 0.500000 0.277344
vt 0.500000 0.257812
vt 0.500000 0.136719
vt 0.500000 0.117188
vt 0.500000 0.375000
vt 0.500000 0.348958
vt 0.500000 0.052083
vt 0.444444 0.375000
vt 0.444444 0.395833
vt 0.444444 0.416667
vt 0.437500 0.416667
vt 0.444444 0.437500
vt 0.437500 0.437500
vt 0.444444 0.458333
vt 0.437500 0.458333
vt 0.319444 0.500000
vt 0.312500 0.500000
vt 0.312500 0.479167
vt 0.319444 0.479167
vt 0.312500 0.458333
vt 0.319444 0.458333
vt 0.312500 0.437500
vt 0.319444 0.437500
vt 0.312500 0.416667
vt 0.319444 0.416667
vt 0.489583 0.375000
vt 0.489583 0.348958
vt 0.479167 0.375000
vt 0.479167 0.348958
vt 0.468750 0.375000
vt 0.468750 0.348958
vt 0.458333 0.375000
vt 0.458333 0.348958
vt 0.302083 0.375000
vt 0.302083 0.348958
vt 0.291667 0.375000
vt 0.291667 0.348958
vt 0.281250 0.375000
vt 0.281250 0.348958
vt 0.270833 0.375000
vt 0.270833 0.348958
vt 0.489583 0.187500
vt 0.489583 0.171875
vt 0.479167 0.187500
vt 0.479167 0.171875
vt 0.468750 0.187500
vt 0.468750 0.171875
vt 0.458333 0.187500
vt 0.458333 0.171875
vt 0.302083 0.187500
vt 0.302083 0.171875
vt 0.291667 0.187500
vt 0.291667 0.171875
vt 0.281250 0.187500
vt 0.281250 0.171875
vt 0.270833 0.187500
vt 0.270833 0.171875
vt 0.489583 0.156250
vt 0.489583 0.136719
vt 0.479167 0.156250
vt 0.479167 0.136719
vt 0.468750 0.156250
vt 0.468750 0.136719
vt 0.458333 0.156250
vt 0.458333 0.136719
vt 0.302083 0.156250
vt 0.302083 0.136719
vt 0.291667 0.156250
vt 0.291667 0.136719
vt 0.281250 0.156250
vt 0.281250 0.136719
vt 0.270833 0.156250
vt 0.270833 0.136719
vt 0.489583 0.218750
vt 0.489583 0.203125
vt 0.479167 0.218750
vt 0.479167 0.203125
vt 0.468750 0.218750
vt 0.468750 0.203125
vt 0.458333 0.218750
vt 0.458333 0.203125
vt 0.302083 0.218750
vt 0.302083 0.203125
vt 0.291667 0.218750
vt 0.291667 0.203125
vt 0.281250 0.218750
vt 0.281250 0.203125
vt 0.270833 0.218750
vt 0.270833 0.203125
vt 0.489583 0.296875
vt 0.489583 0.277344
vt 0.479167 0.296875
vt 0.479167 0.277344
vt 0.468750 0.296875
vt 0.468750 0.277344
vt 0.458333 0.296875
vt 0.458333 0.277344
vt 0.302083 0.296875
vt 0.302083 0.277344
vt 0.291667 0.296875
vt 0.291667 0.277344
vt 0.281250 0.296875
vt 0.281250 0.277344
vt 0.270833 0.296875
vt 0.270833 0.277344
vt 0.489583 0.078125
vt 0.489583 0.052083
vt 0.479167 0.078125
vt 0.479167 0.052083
vt 0.468750 0.078125
vt 0.468750 0.052083
vt 0.458333 0.078125
vt 0.458333 0.052083
vt 0.302083 0.078125
vt 0.302083 0.052083
vt 0.291667 0.078125
vt 0.291667 0.052083
vt 0.281250 0.078125
vt 0.281250 0.052083
vt 0.270833 0.078125
vt 0.270833 0.052083
vt 0.489583 0.238281
vt 0.479167 0.238281
vt 0.468750 0.238281
vt 0.458333 0.238281
vt 0.489583 0.257812
vt 0.479167 0.257812
vt 0.468750 0.257812
vt 0.458333 0.257812
vt 0.302083 0.238281
vt 0.291667 0.238281
vt 0.281250 0.238281
vt 0.270833 0.238281
vt 0.302083 0.257812
vt 0.291667 0.257812
vt 0.281250 0.257812
vt 0.270833 0.257812
vt 0.489583 0.097656
vt 0.479167 0.097656
vt 0.468750 0.097656
vt 0.458333 0.097656
vt 0.489583 0.117188
vt 0.479167 0.117188
vt 0.468750 0.117188
vt 0.458333 0.117187
vt 0.302083 0.097656
vt 0.291667 0.097656
vt 0.281250 0.097656
vt 0.270833 0.097656
vt 0.302083 0.117188
vt 0.291667 0.117188
vt 0.281250 0.117188
vt 0.270833 0.117187
vt 0.489583 0.322917
vt 0.479167 0.322917
vt 0.468750 0.322917
vt 0.458333 0.322917
vt 0.302083 0.322917
vt 0.291667 0.322917
vt 0.281250 0.322917
vt 0.270833 0.322917
vt 0.489583 0.026042
vt 0.489583 0.000000
vt 0.479167 0.026042
vt 0.479167 0.000000
vt 0.468750 0.026042
vt 0.468750 0.000000
vt 0.458333 0.026042
vt 0.458333 0.000000
vt 0.302083 0.026042
vt 0.302083 0.000000
vt 0.291667 0.026042
vt 0.291667 0.000000
vt 0.281250 0.026042
vt 0.281250 0.000000
vt 0.270833 0.026042
vt 0.270833 0.000000
vt 0.555556 0.395833
vt 0.548611 0.395833
vt 0.548611 0.375000
vt 0.555556 0.416667
vt 0.548611 0.416667
vt 0.555556 0.437500
vt 0.548611 0.437500
vt 0.555556 0.458333
vt 0.548611 0.458333
vt 0.541667 0.375000
vt 0.541667 0.395833
vt 0.534722 0.395833
vt 0.534722 0.375000
vt 0.541667 0.416667
vt 0.534722 0.416667
vt 0.541667 0.437500
vt 0.534722 0.437500
vt 0.541667 0.458333
vt 0.534722 0.458333
vt 0.520833 0.395833
vt 0.520833 0.375000
vt 0.520833 0.416667
vt 0.520833 0.437500
vt 0.520833 0.458333
vt 0.506944 0.395833
vt 0.506944 0.416667
vt 0.506944 0.437500
vt 0.506944 0.458333
vt 0.493056 0.395833
vt 0.493056 0.375000
vt 0.493056 0.416667
vt 0.493056 0.437500
vt 0.493056 0.458333
vt 0.479167 0.395833
vt 0.479167 0.416667
vt 0.479167 0.437500
vt 0.479167 0.458333
vt 0.465278 0.395833
vt 0.465278 0.375000
vt 0.465278 0.416667
vt 0.465278 0.437500
vt 0.465278 0.458333
vt 0.458333 0.395833
vt 0.451389 0.395833
vt 0.451389 0.375000
vt 0.458333 0.416667
vt 0.451389 0.416667
vt 0.458333 0.437500
vt 0.451389 0.437500
vt 0.458333 0.458333
vt 0.451389 0.458333
vt 0.430556 0.500000
vt 0.423611 0.500000
vt 0.423611 0.479167
vt 0.430556 0.479167
vt 0.423611 0.458333
vt 0.430556 0.458333
vt 0.423611 0.437500
vt 0.430556 0.437500
vt 0.423611 0.416667
vt 0.430556 0.416667
vt 0.416667 0.500000
vt 0.409722 0.500000
vt 0.409722 0.479167
vt 0.416667 0.479167
vt 0.409722 0.458333
vt 0.416667 0.458333
vt 0.409722 0.437500
vt 0.416667 0.437500
vt 0.409722 0.416667
vt 0.416667 0.416667
vt 0.395833 0.500000
vt 0.395833 0.479167
vt 0.395833 0.458333
vt 0.395833 0.437500
vt 0.395833 0.416667
vt 0.381944 0.500000
vt 0.381944 0.479167
vt 0.381944 0.458333
vt 0.381944 0.437500
vt 0.381944 0.416667
vt 0.368056 0.500000
vt 0.368056 0.479167
vt 0.368056 0.458333
vt 0.368056 0.437500
vt 0.368056 0.416667
vt 0.354167 0.500000
vt 0.354167 0.479167
vt 0.354167 0.458333
vt 0.354167 0.437500
vt 0.354167 0.416667
vt 0.340278 0.500000
vt 0.340278 0.479167
vt 0.340278 0.458333
vt 0.340278 0.437500
vt 0.340278 0.416667
vt 0.333333 0.500000
vt 0.326389 0.500000
vt 0.326389 0.479167
vt 0.333333 0.479167
vt 0.326389 0.458333
vt 0.333333 0.458333
vt 0.326389 0.437500
vt 0.333333 0.437500
vt 0.326389 0.416667
vt 0.333333 0.416667
vt 0.562500 0.375000
vt 0.562500 0.395833
vt 0.562500 0.416667
vt 0.562500 0.437500
vt 0.562500 0.458333
s 0
usemtl Skin
f 1087/1189/13 1088/1190/13 1089/1191/13 1090/1192/13
f 1091/1191/14 1094/1193/14 1093/1194/14 1092/1192/14
f 1103/1195/15 1091/1189/15 1092/1192/15 1104/1196/15
f 1104/1196/16 1092/1192/16 1093/1194/16 1105/1197/16 1305/1198/16 1287/1199/16 1319/1200/16
f 1105/1197/17 1093/1194/17 1094/1201/17 1106/1202/17
f 1099/1203/18 1087/1204/18 1090/1205/18 1102/1206/18
f 1099/1203/15 1095/1207/15 1096/1208/15 1300/1209/15 1282/1210/15 1314/1211/15 1100/1212/15
f 1343/1213/16 1299/1214/16 1097/1215/16 1301/1216/16
f 1101/1217/17 1315/1218/17 1283/1219/17 1301/1216/17 1097/1215/17 1098/1220/17 1102/1221/17
f 1103/1195/18 1095/1207/18 1098/1222/18 1106/1223/18
f 1095/1207/18 1099/1203/18 1102/1206/18 1098/1222/18
f 1087/1204/15 1099/1203/15 1100/1212/15 1088/1224/15
f 1088/1224/16 1100/1212/16 1316/1225/16 1284/1226/16 1302/1227/16 1101/1217/16 1089/1228/16
f 1089/1228/17 1101/1217/17 1102/1221/17 1090/1229/17
f 1095/1207/15 1103/1195/15 1104/1196/15 1317/1230/15 1285/1231/15 1303/1232/15 1096/1208/15
f 1344/1233/16 1305/1198/16 1105/1197/16 1318/1234/16
f 1097/1215/17 1304/1235/17 1286/1236/17 1318/1234/17 1105/1197/17 1106/1202/17 1098/1220/17
f 1091/1189/18 1103/1195/18 1106/1223/18 1094/1237/18
f 1107/1189/13 1108/1190/13 1109/1191/13 1110/1192/13
f 1111/1191/14 1114/1193/14 1113/1194/14 1112/1192/14
f 1123/1195/15 1111/1189/15 1112/1192/15 1124/1196/15
f 1124/1196/16 1112/1192/16 1113/1194/16 1125/1197/16 1312/1198/16 1294/1199/16 1326/1200/16
f 1125/1197/17 1113/1194/17 1114/1201/17 1126/1202/17
f 1119/1203/18 1107/1204/18 1110/1205/18 1122/1206/18
f 1119/1203/15 1115/1207/15 1116/1208/15 1307/1209/15 1289/1210/15 1321/1211/15 1120/1212/15
f 1345/1213/16 1306/1214/16 1117/1215/16 1308/1216/16
f 1121/1217/17 1322/1218/17 1290/1219/17 1308/1216/17 1117/1215/17 1118/1220/17 1122/1221/17
f 1123/1195/18 1115/1207/18 1118/1222/18 1126/1223/18
f 1115/1207/18 1119/1203/18 1122/1206/18 1118/1222/18
f 1107/1204/15 1119/1203/15 1120/1212/15 1108/1224/15
f 1108/1224/16 1120/1212/16 1323/1225/16 1291/1226/16 1309/1227/16 1121/1217/16 1109/1228/16
f 1109/1228/17 1121/1217/17 1122/1221/17 1110/1229/17
f 1115/1207/15 1123/1195/15 1124/1196/15 1324/1230/15 1292/1231/15 1310/1232/15 1116/1208/15
f 1346/1233/16 1312/1198/16 1125/1197/16 1325/1234/16
f 1117/1215/17 1311/1235/17 1293/1236/17 1325/1234/17 1125/1197/17 1126/1202/17 1118/1220/17
f 1111/1189/18 1123/1195/18 1126/1223/18 1114/1237/18
f 1127/1238/13 1128/1239/13 1129/1240/13 1130/1241/13
f 1131/1240/14 1134/1242/14 1133/1243/14 1132/1241/14
f 1143/1244/15 1131/1238/15 1132/1241/15 1144/1245/15
f 1144/1245/16 1132/1241/16 1133/1243/16 1145/1246/16
f 1145/1246/17 1133/1243/17 1134/1247/17 1146/1248/17
f 1139/1249/18 1127/1250/18 1130/1251/18 1142/1252/18 1224/1253/18 1206/1254/18 1238/1255/18
f 1139/1249/15 1236/1256/15 1204/1257/15 1222/1258/15 1135/1259/15 1136/1260/15 1140/1261/15
f 1140/1261/16 1136/1260/16 1137/1262/16 1141/1263/16
f 1141/1263/17 1137/1262/17 1138/1264/17 1223/1265/17 1205/1266/17 1237/1267/17 1142/1268/17
f 1265/1269/18 1221/1270/18 1138/1271/18 1226/1272/18
f 1266/1273/18 1224/1253/18 1142/1252/18 1237/1274/18
f 1127/1250/15 1139/1249/15 1140/1261/15 1128/1275/15
f 1128/1275/16 1140/1261/16 1141/1263/16 1129/1276/16
f 1129/1276/17 1141/1263/17 1142/1268/17 1130/1277/17
f 1135/1259/15 1225/1278/15 1207/1279/15 1239/1280/15 1143/1244/15 1144/1245/15 1136/1260/15
f 1136/1260/16 1144/1245/16 1145/1246/16 1137/1262/16
f 1137/1262/17 1145/1246/17 1146/1248/17 1240/1281/17 1208/1282/17 1226/1283/17 1138/1264/17
f 1131/1238/18 1143/1244/18 1241/1284/18 1209/1285/18 1227/1286/18 1146/1287/18 1134/1288/18
f 1147/1238/13 1148/1239/13 1149/1240/13 1150/1241/13
f 1151/1240/14 1154/1242/14 1153/1243/14 1152/1241/14
f 1163/1244/15 1151/1238/15 1152/1241/15 1164/1245/15
f 1164/1245/16 1152/1241/16 1153/1243/16 1165/1246/16
f 1165/1246/17 1153/1243/17 1154/1247/17 1166/1248/17
f 1159/1249/18 1147/1250/18 1150/1251/18 1162/1252/18 1231/1253/18 1213/1254/18 1245/1255/18
f 1159/1249/15 1243/1256/15 1211/1257/15 1229/1258/15 1155/1259/15 1156/1260/15 1160/1261/15
f 1160/1261/16 1156/1260/16 1157/1262/16 1161/1263/16
f 1161/1263/17 1157/1262/17 1158/1264/17 1230/1265/17 1212/1266/17 1244/1267/17 1162/1268/17
f 1267/1269/18 1228/1270/18 1158/1271/18 1233/1272/18
f 1268/1273/18 1231/1253/18 1162/1252/18 1244/1274/18
f 1147/1250/15 1159/1249/15 1160/1261/15 1148/1275/15
f 1148/1275/16 1160/1261/16 1161/1263/16 1149/1276/16
f 1149/1276/17 1161/1263/17 1162/1268/17 1150/1277/17
f 1155/1259/15 1232/1278/15 1214/1279/15 1246/1280/15 1163/1244/15 1164/1245/15 1156/1260/15
f 1156/1260/16 1164/1245/16 1165/1246/16 1157/1262/16
f 1157/1262/17 1165/1246/17 1166/1248/17 1247/1281/17 1215/1282/17 1233/1283/17 1158/1264/17
f 1151/1238/18 1163/1244/18 1248/1284/18 1216/1285/18 1234/1286/18 1166/1287/18 1154/1288/18
f 2143/1289/13 1750/1290/13 1169/1291/13 1868/1292/13
f 2152/1293/14 1878/1294/14 1173/1295/14 1752/1296/14
f 2022/1297/15 1877/1298/15 1172/1299/15 1394/1300/15
f 1780/1301/16 1752/1296/16 1173/1295/16 1396/1302/16
f 2032/1303/17 1882/1304/17 1174/1237/17 1398/1305/17
f 1784/1306/18 1749/1307/18 1170/1277/18 1406/1308/18
f 1175/1309/13 1176/1310/13 1177/1311/13 1178/1312/13
f 1179/1311/14 1182/1313/14 1181/1314/14 1180/1312/14
f 1175/1315/15 1179/1309/15 1180/1312/15 1176/1316/15
f 1176/1316/16 1180/1312/16 1181/1314/16 1177/1191/16
f 1177/1191/17 1181/1314/17 1182/1317/17 1178/1318/17
f 1179/1309/18 1175/1315/18 1178/1319/18 1182/1320/18
f 1947/1321/15 1887/1322/15 1184/1323/15 1364/1324/15
f 1765/1325/16 1753/1326/16 1185/1327/16 1365/1328/16
f 1952/1329/17 1892/1330/17 1186/1222/17 1366/1331/17
f 1763/1332/18 1754/1333/18 1186/1264/18 1362/1282/18
f 1766/1334/18 1755/1335/18 1190/1268/18 1366/1266/18
f 1997/1336/15 1897/1337/15 1188/1338/15 1384/1339/15
f 1775/1340/16 1756/1341/16 1189/1342/16 1387/1343/16
f 2012/1344/17 1902/1345/17 1190/1206/17 1390/1346/17
f 1937/1347/15 1907/1348/15 1192/1349/15 1360/1350/15
f 1764/1351/16 1757/1352/16 1193/1353/16 1361/1354/16
f 1942/1355/17 1912/1356/17 1194/1223/17 1362/1357/17
f 1769/1358/18 1758/1359/18 1194/1248/18 1378/1360/18
f 1967/1361/15 1917/1362/15 1196/1363/15 1370/1364/15
f 1772/1365/16 1759/1366/16 1197/1367/16 1373/1368/16
f 1982/1369/17 1922/1370/17 1198/1371/17 1376/1372/17
f 1782/1373/18 1760/1374/18 1198/1375/18 1397/1376/18
f 1778/1377/18 1761/1378/18 1202/1379/18 1388/1380/18
f 2042/1381/15 1927/1382/15 1200/1383/15 1401/1384/15
f 1786/1385/16 1762/1386/16 1201/1387/16 1403/1388/16
f 2052/1389/17 1932/1390/17 1202/1391/17 1405/1392/17
f 1269/1393/18 1249/1394/18 1208/1395/18 1240/1396/18
f 1270/1397/18 1250/1398/18 1217/1399/18 1251/1400/18
f 1271/1401/18 1235/1402/18 1203/1403/18 1252/1404/18
f 1272/1405/18 1253/1406/18 1205/1407/18 1223/1408/18
f 1273/1409/18 1254/1410/18 1218/1411/18 1255/1412/18
f 1274/1413/18 1238/1255/18 1206/1254/18 1256/1414/18
f 1275/1393/18 1257/1394/18 1215/1395/18 1247/1396/18
f 1276/1397/18 1258/1398/18 1219/1399/18 1259/1400/18
f 1277/1401/18 1242/1402/18 1210/1403/18 1260/1404/18
f 1278/1405/18 1261/1406/18 1212/1407/18 1230/1408/18
f 1279/1409/18 1262/1410/18 1220/1411/18 1263/1412/18
f 1280/1413/18 1245/1255/18 1213/1254/18 1264/1414/18
f 1249/1394/18 1265/1269/18 1226/1272/18 1208/1395/18
f 1217/1399/18 1252/1404/18 1265/1269/18 1249/1394/18
f 1252/1404/18 1203/1403/18 1221/1270/18 1265/1269/18
f 1253/1406/18 1266/1273/18 1237/1274/18 1205/1407/18
f 1218/1411/18 1256/1414/18 1266/1273/18 1253/1406/18
f 1256/1414/18 1206/1254/18 1224/1253/18 1266/1273/18
f 1257/1394/18 1267/1269/18 1233/1272/18 1215/1395/18
f 1219/1399/18 1260/1404/18 1267/1269/18 1257/1394/18
f 1260/1404/18 1210/1403/18 1228/1270/18 1267/1269/18
f 1261/1406/18 1268/1273/18 1244/1274/18 1212/1407/18
f 1220/1411/18 1264/1414/18 1268/1273/18 1261/1406/18
f 1264/1414/18 1213/1254/18 1231/1253/18 1268/1273/18
f 1227/1286/18 1269/1393/18 1240/1396/18 1146/1287/18
f 1209/1285/18 1251/1400/18 1269/1393/18 1227/1286/18
f 1251/1400/18 1217/1399/18 1249/1394/18 1269/1393/18
f 1241/1284/18 1270/1397/18 1251/1400/18 1209/1285/18
f 1143/1244/18 1239/1280/18 1270/1397/18 1241/1284/18
f 1239/1280/18 1207/1279/18 1250/1398/18 1270/1397/18
f 1250/1398/18 1271/1401/18 1252/1404/18 1217/1399/18
f 1207/1279/18 1225/1278/18 1271/1401/18 1250/1398/18
f 1225/1278/18 1135/1259/18 1235/1402/18 1271/1401/18
f 1221/1270/18 1272/1405/18 1223/1408/18 1138/1271/18
f 1203/1403/18 1255/1412/18 1272/1405/18 1221/1270/18
f 1255/1412/18 1218/1411/18 1253/1406/18 1272/1405/18
f 1235/1402/18 1273/1409/18 1255/1412/18 1203/1403/18
f 1135/1259/18 1222/1258/18 1273/1409/18 1235/1402/18
f 1222/1258/18 1204/1257/18 1254/1410/18 1273/1409/18
f 1254/1410/18 1274/1413/18 1256/1414/18 1218/1411/18
f 1204/1257/18 1236/1256/18 1274/1413/18 1254/1410/18
f 1236/1256/18 1139/1249/18 1238/1255/18 1274/1413/18
f 1234/1286/18 1275/1393/18 1247/1396/18 1166/1287/18
f 1216/1285/18 1259/1400/18 1275/1393/18 1234/1286/18
f 1259/1400/18 1219/1399/18 1257/1394/18 1275/1393/18
f 1248/1284/18 1276/1397/18 1259/1400/18 1216/1285/18
f 1163/1244/18 1246/1280/18 1276/1397/18 1248/1284/18
f 1246/1280/18 1214/1279/18 1258/1398/18 1276/1397/18
f 1258/1398/18 1277/1401/18 1260/1404/18 1219/1399/18
f 1214/1279/18 1232/1278/18 1277/1401/18 1258/1398/18
f 1232/1278/18 1155/1259/18 1242/1402/18 1277/1401/18
f 1228/1270/18 1278/1405/18 1230/1408/18 1158/1271/18
f 1210/1403/18 1263/1412/18 1278/1405/18 1228/1270/18
f 1263/1412/18 1220/1411/18 1261/1406/18 1278/1405/18
f 1242/1402/18 1279/1409/18 1263/1412/18 1210/1403/18
f 1155/1259/18 1229/1258/18 1279/1409/18 1242/1402/18
f 1229/1258/18 1211/1257/18 1262/1410/18 1279/1409/18
f 1262/1410/18 1280/1413/18 1264/1414/18 1220/1411/18
f 1211/1257/18 1243/1256/18 1280/1413/18 1262/1410/18
f 1243/1256/18 1159/1249/18 1245/1255/18 1280/1413/18
f 1347/1415/16 1327/1416/16 1283/1219/16 1315/1218/16
f 1348/1417/16 1328/1418/16 1295/1419/16 1329/1420/16
f 1349/1421/16 1313/1422/16 1281/1423/16 1330/1424/16
f 1350/1425/16 1331/1426/16 1286/1236/16 1304/1235/16
f 1351/1427/16 1332/1428/16 1296/1429/16 1333/1430/16
f 1352/1431/16 1319/1200/16 1287/1199/16 1334/1432/16
f 1353/1415/16 1335/1416/16 1290/1219/16 1322/1218/16
f 1354/1417/16 1336/1418/16 1297/1419/16 1337/1420/16
f 1355/1421/16 1320/1422/16 1288/1423/16 1338/1424/16
f 1356/1425/16 1339/1426/16 1293/1236/16 1311/1235/16
f 1357/1427/16 1340/1428/16 1298/1429/16 1341/1430/16
f 1358/1431/16 1326/1200/16 1294/1199/16 1342/1432/16
f 1327/1416/16 1343/1213/16 1301/1216/16 1283/1219/16
f 1295/1419/16 1330/1424/16 1343/1213/16 1327/1416/16
f 1330/1424/16 1281/1423/16 1299/1214/16 1343/1213/16
f 1331/1426/16 1344/1233/16 1318/1234/16 1286/1236/16
f 1296/1429/16 1334/1432/16 1344/1233/16 1331/1426/16
f 1334/1432/16 1287/1199/16 1305/1198/16 1344/1233/16
f 1335/1416/16 1345/1213/16 1308/1216/16 1290/1219/16
f 1297/1419/16 1338/1424/16 1345/1213/16 1335/1416/16
f 1338/1424/16 1288/1423/16 1306/1214/16 1345/1213/16
f 1339/1426/16 1346/1233/16 1325/1234/16 1293/1236/16
f 1298/1429/16 1342/1432/16 1346/1233/16 1339/1426/16
f 1342/1432/16 1294/1199/16 1312/1198/16 1346/1233/16
f 1302/1227/16 1347/1415/16 1315/1218/16 1101/1217/16
f 1284/1226/16 1329/1420/16 1347/1415/16 1302/1227/16
f 1329/1420/16 1295/1419/16 1327/1416/16 1347/1415/16
f 1316/1225/16 1348/1417/16 1329/1420/16 1284/1226/16
f 1100/1212/16 1314/1211/16 1348/1417/16 1316/1225/16
f 1314/1211/16 1282/1210/16 1328/1418/16 1348/1417/16
f 1328/1418/16 1349/1421/16 1330/1424/16 1295/1419/16
f 1282/1210/16 1300/1209/16 1349/1421/16 1328/1418/16
f 1300/1209/16 1096/1208/16 1313/1422/16 1349/1421/16
f 1299/1214/16 1350/1425/16 1304/1235/16 1097/1215/16
f 1281/1423/16 1333/1430/16 1350/1425/16 1299/1214/16
f 1333/1430/16 1296/1429/16 1331/1426/16 1350/1425/16
f 1313/1422/16 1351/1427/16 1333/1430/16 1281/1423/16
f 1096/1208/16 1303/1232/16 1351/1427/16 1313/1422/16
f 1303/1232/16 1285/1231/16 1332/1428/16 1351/1427/16
f 1332/1428/16 1352/1431/16 1334/1432/16 1296/1429/16
f 1285/1231/16 1317/1230/16 1352/1431/16 1332/1428/16
f 1317/1230/16 1104/1196/16 1319/1200/16 1352/1431/16
f 1309/1227/16 1353/1415/16 1322/1218/16 1121/1217/16
f 1291/1226/16 1337/1420/16 1353/1415/16 1309/1227/16
f 1337/1420/16 1297/1419/16 1335/1416/16 1353/1415/16
f 1323/1225/16 1354/1417/16 1337/1420/16 1291/1226/16
f 1120/1212/16 1321/1211/16 1354/1417/16 1323/1225/16
f 1321/1211/16 1289/1210/16 1336/1418/16 1354/1417/16
f 1336/1418/16 1355/1421/16 1338/1424/16 1297/1419/16
f 1289/1210/16 1307/1209/16 1355/1421/16 1336/1418/16
f 1307/1209/16 1116/1208/16 1320/1422/16 1355/1421/16
f 1306/1214/16 1356/1425/16 1311/1235/16 1117/1215/16
f 1288/1423/16 1341/1430/16 1356/1425/16 1306/1214/16
f 1341/1430/16 1298/1429/16 1339/1426/16 1356/1425/16
f 1320/1422/16 1357/1427/16 1341/1430/16 1288/1423/16
f 1116/1208/16 1310/1232/16 1357/1427/16 1320/1422/16
f 1310/1232/16 1292/1231/16 1340/1428/16 1357/1427/16
f 1340/1428/16 1358/1431/16 1342/1432/16 1298/1429/16
f 1292/1231/16 1324/1230/16 1358/1431/16 1340/1428/16
f 1324/1230/16 1124/1196/16 1326/1200/16 1358/1431/16
f 1758/1359/18 1763/1332/18 1362/1282/18 1194/1248/18
f 1887/1322/15 1937/1347/15 1360/1350/15 1184/1323/15
f 1753/1326/16 1764/1351/16 1361/1354/16 1185/1327/16
f 1892/1330/17 1942/1355/17 1362/1357/17 1186/1222/17
f 1897/1337/15 1947/1321/15 1364/1324/15 1188/1338/15
f 1756/1341/16 1765/1325/16 1365/1328/16 1189/1342/16
f 1902/1345/17 1952/1329/17 1366/1331/17 1190/1206/17
f 1754/1333/18 1766/1334/18 1366/1266/18 1186/1264/18
f 1760/1374/18 1767/1433/18 1376/1434/18 1198/1375/18
f 1767/1433/18 1768/1435/18 1377/1436/18 1376/1434/18
f 1768/1435/18 1769/1358/18 1378/1360/18 1377/1436/18
f 1907/1348/15 1957/1437/15 1372/1438/15 1192/1349/15
f 1957/1437/15 1962/1439/15 1371/1440/15 1372/1438/15
f 1962/1439/15 1967/1361/15 1370/1364/15 1371/1440/15
f 1757/1352/16 1770/1441/16 1375/1442/16 1193/1353/16
f 1770/1441/16 1771/1443/16 1374/1444/16 1375/1442/16
f 1771/1443/16 1772/1365/16 1373/1368/16 1374/1444/16
f 1912/1356/17 1972/1445/17 1378/1446/17 1194/1223/17
f 1972/1445/17 1977/1447/17 1377/1448/17 1378/1446/17
f 1977/1447/17 1982/1369/17 1376/1372/17 1377/1448/17
f 1927/1382/15 1987/1449/15 1382/1450/15 1200/1383/15
f 1987/1449/15 1992/1451/15 1383/1452/15 1382/1450/15
f 1992/1451/15 1997/1336/15 1384/1339/15 1383/1452/15
f 1762/1386/16 1773/1453/16 1385/1454/16 1201/1387/16
f 1773/1453/16 1774/1455/16 1386/1456/16 1385/1454/16
f 1774/1455/16 1775/1340/16 1387/1343/16 1386/1456/16
f 1932/1390/17 2002/1457/17 1388/1458/17 1202/1391/17
f 2002/1457/17 2007/1459/17 1389/1460/17 1388/1458/17
f 2007/1459/17 2012/1344/17 1390/1346/17 1389/1460/17
f 1755/1335/18 1776/1461/18 1390/1462/18 1190/1268/18
f 1776/1461/18 1777/1463/18 1389/1464/18 1390/1462/18
f 1777/1463/18 1778/1377/18 1388/1380/18 1389/1464/18
f 1917/1362/15 2017/1465/15 1393/1466/15 1196/1363/15
f 2017/1465/15 2022/1297/15 1394/1300/15 1393/1466/15
f 1759/1366/16 1779/1467/16 1395/1468/16 1197/1367/16
f 1779/1467/16 1780/1301/16 1396/1302/16 1395/1468/16
f 1922/1370/17 2027/1469/17 1397/1470/17 1198/1371/17
f 2027/1469/17 2032/1303/17 1398/1305/17 1397/1470/17
f 1751/1471/18 1781/1472/18 1398/1473/18 1174/1247/18
f 1781/1472/18 1782/1373/18 1397/1376/18 1398/1473/18
f 1761/1378/18 1783/1474/18 1405/1475/18 1202/1379/18
f 1783/1474/18 1784/1306/18 1406/1308/18 1405/1475/18
f 1867/1476/15 2037/1477/15 1402/1478/15 1168/1479/15
f 2037/1477/15 2042/1381/15 1401/1384/15 1402/1478/15
f 1750/1480/16 1785/1481/16 1404/1482/16 1169/1483/16
f 1785/1481/16 1786/1385/16 1403/1388/16 1404/1482/16
f 1872/1484/17 2047/1485/17 1406/1486/17 1170/1205/17
f 2047/1485/17 2052/1389/17 1405/1392/17 1406/1486/17
f 2133/1487/13 1712/1488/13 1415/1489/13 2053/1490/13
f 2153/1491/13 1788/1492/13 1416/1493/13 2058/1494/13
f 2058/1494/13 1416/1493/13 1417/1495/13 2063/1496/13
f 2063/1496/13 1417/1495/13 1418/1497/13 2068/1498/13
f 2068/1498/13 1418/1497/13 1419/1499/13 2073/1500/13
f 2073/1500/13 1419/1499/13 1420/1501/13 2078/1502/13
f 2078/1502/13 1420/1501/13 1421/1503/13 2083/1504/13
f 2163/1505/13 1826/1506/13 1422/1507/13 2088/1508/13
f 2142/1509/14 2097/1510/14 1431/1511/14 1714/1512/14
f 2162/1513/14 2102/1514/14 1432/1515/14 1790/1516/14
f 2102/1514/14 2107/1517/14 1433/1518/14 1432/1515/14
f 2107/1517/14 2112/1519/14 1434/1520/14 1433/1518/14
f 2112/1519/14 2117/1521/14 1435/1522/14 1434/1520/14
f 2117/1521/14 2122/1523/14 1436/1524/14 1435/1522/14
f 2122/1523/14 2127/1525/14 1437/1526/14 1436/1524/14
f 2172/1527/14 2132/1528/14 1438/1529/14 1828/1530/14
f 1742/1531/16 1714/1512/16 1431/1511/16 1655/1532/16
f 1818/1533/16 1790/1516/16 1432/1515/16 1656/1534/16
f 1656/1534/16 1432/1515/16 1433/1518/16 1657/1535/16
f 1657/1535/16 1433/1518/16 1434/1520/16 1658/1536/16
f 1658/1536/16 1434/1520/16 1435/1522/16 1659/1537/16
f 1659/1537/16 1435/1522/16 1436/1524/16 1660/1538/16
f 1660/1538/16 1436/1524/16 1437/1526/16 1661/1539/16
f 1856/1540/16 1828/1530/16 1438/1529/16 1662/1541/16
f 1746/1542/18 1711/1543/18 1407/1544/18 1687/1545/18
f 1822/1546/18 1787/1547/18 1408/1548/18 1688/1549/18
f 1688/1549/18 1408/1548/18 1409/1550/18 1689/1551/18
f 1689/1551/18 1409/1550/18 1410/1552/18 1690/1553/18
f 1690/1553/18 1410/1552/18 1411/1554/18 1691/1555/18
f 1691/1555/18 1411/1554/18 1412/1556/18 1692/1557/18
f 1692/1557/18 1412/1556/18 1413/1558/18 1693/1559/18
f 1860/1560/18 1825/1561/18 1414/1562/18 1694/1563/18
f 1727/1564/16 1715/1565/16 1439/1566/16 1535/1567/16
f 1803/1568/16 1791/1569/16 1440/1570/16 1536/1571/16
f 1536/1571/16 1440/1570/16 1441/1572/16 1537/1573/16
f 1537/1573/16 1441/1572/16 1442/1574/16 1538/1575/16
f 1538/1575/16 1442/1574/16 1443/1576/16 1539/1577/16
f 1539/1577/16 1443/1576/16 1444/1578/16 1540/1579/16
f 1540/1579/16 1444/1578/16 1445/1580/16 1541/1581/16
f 1841/1582/16 1829/1583/16 1446/1584/16 1542/1585/16
f 1725/1586/18 1716/1587/18 1447/1588/18 1519/1589/18
f 1801/1590/18 1792/1591/18 1448/1592/18 1520/1593/18
f 1520/1593/18 1448/1592/18 1449/1594/18 1521/1595/18
f 1521/1595/18 1449/1594/18 1450/1596/18 1522/1597/18
f 1522/1597/18 1450/1596/18 1451/1598/18 1523/1599/18
f 1523/1599/18 1451/1598/18 1452/1600/18 1524/1601/18
f 1524/1601/18 1452/1600/18 1453/1602/18 1525/1603/18
f 1839/1604/18 1830/1605/18 1454/1606/18 1526/1607/18
f 1728/1608/18 1717/1609/18 1455/1610/18 1543/1611/18
f 1804/1612/18 1793/1613/18 1456/1614/18 1544/1615/18
f 1544/1615/18 1456/1614/18 1457/1616/18 1545/1617/18
f 1545/1617/18 1457/1616/18 1458/1618/18 1546/1619/18
f 1546/1619/18 1458/1618/18 1459/1620/18 1547/1621/18
f 1547/1621/18 1459/1620/18 1460/1622/18 1548/1623/18
f 1548/1623/18 1460/1622/18 1461/1624/18 1549/1625/18
f 1842/1626/18 1831/1627/18 1462/1628/18 1550/1629/18
f 1737/1630/16 1718/1631/16 1463/1632/16 1615/1633/16
f 1813/1634/16 1794/1635/16 1464/1636/16 1616/1637/16
f 1616/1637/16 1464/1636/16 1465/1638/16 1617/1639/16
f 1617/1639/16 1465/1638/16 1466/1640/16 1618/1641/16
f 1618/1641/16 1466/1640/16 1467/1642/16 1619/1643/16
f 1619/1643/16 1467/1642/16 1468/1644/16 1620/1645/16
f 1620/1645/16 1468/1644/16 1469/1646/16 1621/1647/16
f 1851/1648/16 1832/1649/16 1470/1650/16 1622/1651/16
f 1726/1652/16 1719/1653/16 1471/1654/16 1527/1655/16
f 1802/1656/16 1795/1657/16 1472/1658/16 1528/1659/16
f 1528/1659/16 1472/1658/16 1473/1660/16 1529/1661/16
f 1529/1661/16 1473/1660/16 1474/1662/16 1530/1663/16
f 1530/1663/16 1474/1662/16 1475/1664/16 1531/1665/16
f 1531/1665/16 1475/1664/16 1476/1666/16 1532/1667/16
f 1532/1667/16 1476/1666/16 1477/1668/16 1533/1669/16
f 1840/1670/16 1833/1671/16 1478/1672/16 1534/1673/16
f 1731/1674/18 1720/1675/18 1479/1676/18 1567/1677/18
f 1807/1678/18 1796/1679/18 1480/1680/18 1568/1681/18
f 1568/1681/18 1480/1680/18 1481/1682/18 1569/1683/18
f 1569/1683/18 1481/1682/18 1482/1684/18 1570/1685/18
f 1570/1685/18 1482/1684/18 1483/1686/18 1571/1687/18
f 1571/1687/18 1483/1686/18 1484/1688/18 1572/1689/18
f 1572/1689/18 1484/1688/18 1485/1690/18 1573/1691/18
f 1845/1692/18 1834/1693/18 1486/1694/18 1574/1695/18
f 1734/1696/16 1721/1697/16 1487/1698/16 1591/1699/16
f 1810/1700/16 1797/1701/16 1488/1702/16 1592/1703/16
f 1592/1703/16 1488/1702/16 1489/1704/16 1593/1705/16
f 1593/1705/16 1489/1704/16 1490/1706/16 1594/1707/16
f 1594/1707/16 1490/1706/16 1491/1708/16 1595/1709/16
f 1595/1709/16 1491/1708/16 1492/1710/16 1596/1711/16
f 1596/1711/16 1492/1710/16 1493/1712/16 1597/1713/16
f 1848/1714/16 1835/1715/16 1494/1716/16 1598/1717/16
f 1744/1718/18 1722/1719/18 1495/1720/18 1671/1721/18
f 1820/1722/18 1798/1723/18 1496/1724/18 1672/1725/18
f 1672/1725/18 1496/1724/18 1497/1726/18 1673/1727/18
f 1673/1727/18 1497/1726/18 1498/1728/18 1674/1729/18
f 1674/1729/18 1498/1728/18 1499/1730/18 1675/1731/18
f 1675/1731/18 1499/1730/18 1500/1732/18 1676/1733/18
f 1676/1733/18 1500/1732/18 1501/1734/18 1677/1735/18
f 1858/1736/18 1836/1737/18 1502/1738/18 1678/1739/18
f 1740/1740/18 1723/1741/18 1503/1742/18 1639/1743/18
f 1816/1744/18 1799/1745/18 1504/1746/18 1640/1747/18
f 1640/1747/18 1504/1746/18 1505/1748/18 1641/1749/18
f 1641/1749/18 1505/1748/18 1506/1750/18 1642/1751/18
f 1642/1751/18 1506/1750/18 1507/1752/18 1643/1753/18
f 1643/1753/18 1507/1752/18 1508/1754/18 1644/1755/18
f 1644/1755/18 1508/1754/18 1509/1756/18 1645/1757/18
f 1854/1758/18 1837/1759/18 1510/1760/18 1646/1761/18
f 1748/1762/16 1724/1763/16 1511/1764/16 1703/1765/16
f 1824/1766/16 1800/1767/16 1512/1768/16 1704/1769/16
f 1704/1769/16 1512/1768/16 1513/1770/16 1705/1771/16
f 1705/1771/16 1513/1770/16 1514/1772/16 1706/1773/16
f 1706/1773/16 1514/1772/16 1515/1774/16 1707/1775/16
f 1707/1775/16 1515/1774/16 1516/1776/16 1708/1777/16
f 1708/1777/16 1516/1776/16 1517/1778/16 1709/1779/16
f 1862/1780/16 1838/1781/16 1518/1782/16 1710/1783/16
f 1720/1675/18 1725/1586/18 1519/1589/18 1479/1676/18
f 1796/1679/18 1801/1590/18 1520/1593/18 1480/1680/18
f 1480/1680/18 1520/1593/18 1521/1595/18 1481/1682/18
f 1481/1682/18 1521/1595/18 1522/1597/18 1482/1684/18
f 1482/1684/18 1522/1597/18 1523/1599/18 1483/1686/18
f 1483/1686/18 1523/1599/18 1524/1601/18 1484/1688/18
f 1484/1688/18 1524/1601/18 1525/1603/18 1485/1690/18
f 1834/1693/18 1839/1604/18 1526/1607/18 1486/1694/18
f 1715/1565/16 1726/1652/16 1527/1655/16 1439/1566/16
f 1791/1569/16 1802/1656/16 1528/1659/16 1440/1570/16
f 1440/1570/16 1528/1659/16 1529/1661/16 1441/1572/16
f 1441/1572/16 1529/1661/16 1530/1663/16 1442/1574/16
f 1442/1574/16 1530/1663/16 1531/1665/16 1443/1576/16
f 1443/1576/16 1531/1665/16 1532/1667/16 1444/1578/16
f 1444/1578/16 1532/1667/16 1533/1669/16 1445/1580/16
f 1829/1583/16 1840/1670/16 1534/1673/16 1446/1584/16
f 1718/1631/16 1727/1564/16 1535/1567/16 1463/1632/16
f 1794/1635/16 1803/1568/16 1536/1571/16 1464/1636/16
f 1464/1636/16 1536/1571/16 1537/1573/16 1465/1638/16
f 1465/1638/16 1537/1573/16 1538/1575/16 1466/1640/16
f 1466/1640/16 1538/1575/16 1539/1577/16 1467/1642/16
f 1467/1642/16 1539/1577/16 1540/1579/16 1468/1644/16
f 1468/1644/16 1540/1579/16 1541/1581/16 1469/1646/16
f 1832/1649/16 1841/1582/16 1542/1585/16 1470/1650/16
f 1716/1587/18 1728/1608/18 1543/1611/18 1447/1588/18
f 1792/1591/18 1804/1612/18 1544/1615/18 1448/1592/18
f 1448/1592/18 1544/1615/18 1545/1617/18 1449/1594/18
f 1449/1594/18 1545/1617/18 1546/1619/18 1450/1596/18
f 1450/1596/18 1546/1619/18 1547/1621/18 1451/1598/18
f 1451/1598/18 1547/1621/18 1548/1623/18 1452/1600/18
f 1452/1600/18 1548/1623/18 1549/1625/18 1453/1602/18
f 1830/1605/18 1842/1626/18 1550/1629/18 1454/1606/18
f 1722/1719/18 1729/1784/18 1551/1785/18 1495/1720/18
f 1798/1723/18 1805/1786/18 1552/1787/18 1496/1724/18
f 1496/1724/18 1552/1787/18 1553/1788/18 1497/1726/18
f 1497/1726/18 1553/1788/18 1554/1789/18 1498/1728/18
f 1498/1728/18 1554/1789/18 1555/1790/18 1499/1730/18
f 1499/1730/18 1555/1790/18 1556/1791/18 1500/1732/18
f 1500/1732/18 1556/1791/18 1557/1792/18 1501/1734/18
f 1836/1737/18 1843/1793/18 1558/1794/18 1502/1738/18
f 1729/1784/18 1730/1795/18 1559/1796/18 1551/1785/18
f 1805/1786/18 1806/1797/18 1560/1798/18 1552/1787/18
f 1552/1787/18 1560/1798/18 1561/1799/18 1553/1788/18
f 1553/1788/18 1561/1799/18 1562/1800/18 1554/1789/18
f 1554/1789/18 1562/1800/18 1563/1801/18 1555/1790/18
f 1555/1790/18 1563/1801/18 1564/1802/18 1556/1791/18
f 1556/1791/18 1564/1802/18 1565/1803/18 1557/1792/18
f 1843/1793/18 1844/1804/18 1566/1805/18 1558/1794/18
f 1730/1795/18 1731/1674/18 1567/1677/18 1559/1796/18
f 1806/1797/18 1807/1678/18 1568/1681/18 1560/1798/18
f 1560/1798/18 1568/1681/18 1569/1683/18 1561/1799/18
f 1561/1799/18 1569/1683/18 1570/1685/18 1562/1800/18
f 1562/1800/18 1570/1685/18 1571/1687/18 1563/1801/18
f 1563/1801/18 1571/1687/18 1572/1689/18 1564/1802/18
f 1564/1802/18 1572/1689/18 1573/1691/18 1565/1803/18
f 1844/1804/18 1845/1692/18 1574/1695/18 1566/1805/18
f 1719/1653/16 1732/1806/16 1575/1807/16 1471/1654/16
f 1795/1657/16 1808/1808/16 1576/1809/16 1472/1658/16
f 1472/1658/16 1576/1809/16 1577/1810/16 1473/1660/16
f 1473/1660/16 1577/1810/16 1578/1811/16 1474/1662/16
f 1474/1662/16 1578/1811/16 1579/1812/16 1475/1664/16
f 1475/1664/16 1579/1812/16 1580/1813/16 1476/1666/16
f 1476/1666/16 1580/1813/16 1581/1814/16 1477/1668/16
f 1833/1671/16 1846/1815/16 1582/1816/16 1478/1672/16
f 1732/1806/16 1733/1817/16 1583/1818/16 1575/1807/16
f 1808/1808/16 1809/1819/16 1584/1820/16 1576/1809/16
f 1576/1809/16 1584/1820/16 1585/1821/16 1577/1810/16
f 1577/1810/16 1585/1821/16 1586/1822/16 1578/1811/16
f 1578/1811/16 1586/1822/16 1587/1823/16 1579/1812/16
f 1579/1812/16 1587/1823/16 1588/1824/16 1580/1813/16
f 1580/1813/16 1588/1824/16 1589/1825/16 1581/1814/16
f 1846/1815/16 1847/1826/16 1590/1827/16 1582/1816/16
f 1733/1817/16 1734/1696/16 1591/1699/16 1583/1818/16
f 1809/1819/16 1810/1700/16 1592/1703/16 1584/1820/16
f 1584/1820/16 1592/1703/16 1593/1705/16 1585/1821/16
f 1585/1821/16 1593/1705/16 1594/1707/16 1586/1822/16
f 1586/1822/16 1594/1707/16 1595/1709/16 1587/1823/16
f 1587/1823/16 1595/1709/16 1596/1711/16 1588/1824/16
f 1588/1824/16 1596/1711/16 1597/1713/16 1589/1825/16
f 1847/1826/16 1848/1714/16 1598/1717/16 1590/1827/16
f 1724/1763/16 1735/1828/16 1599/1829/16 1511/1764/16
f 1800/1767/16 1811/1830/16 1600/1831/16 1512/1768/16
f 1512/1768/16 1600/1831/16 1601/1832/16 1513/1770/16
f 1513/1770/16 1601/1832/16 1602/1833/16 1514/1772/16
f 1514/1772/16 1602/1833/16 1603/1834/16 1515/1774/16
f 1515/1774/16 1603/1834/16 1604/1835/16 1516/1776/16
f 1516/1776/16 1604/1835/16 1605/1836/16 1517/1778/16
f 1838/1781/16 1849/1837/16 1606/1838/16 1518/1782/16
f 1735/1828/16 1736/1839/16 1607/1840/16 1599/1829/16
f 1811/1830/16 1812/1841/16 1608/1842/16 1600/1831/16
f 1600/1831/16 1608/1842/16 1609/1843/16 1601/1832/16
f 1601/1832/16 1609/1843/16 1610/1844/16 1602/1833/16
f 1602/1833/16 1610/1844/16 1611/1845/16 1603/1834/16
f 1603/1834/16 1611/1845/16 1612/1846/16 1604/1835/16
f 1604/1835/16 1612/1846/16 1613/1847/16 1605/1836/16
f 1849/1837/16 1850/1848/16 1614/1849/16 1606/1838/16
f 1736/1839/16 1737/1630/16 1615/1633/16 1607/1840/16
f 1812/1841/16 1813/1634/16 1616/1637/16 1608/1842/16
f 1608/1842/16 1616/1637/16 1617/1639/16 1609/1843/16
f 1609/1843/16 1617/1639/16 1618/1641/16 1610/1844/16
f 1610/1844/16 1618/1641/16 1619/1643/16 1611/1845/16
f 1611/1845/16 1619/1643/16 1620/1645/16 1612/1846/16
f 1612/1846/16 1620/1645/16 1621/1647/16 1613/1847/16
f 1850/1848/16 1851/1648/16 1622/1651/16 1614/1849/16
f 1717/1609/18 1738/1850/18 1623/1851/18 1455/1610/18
f 1793/1613/18 1814/1852/18 1624/1853/18 1456/1614/18
f 1456/1614/18 1624/1853/18 1625/1854/18 1457/1616/18
f 1457/1616/18 1625/1854/18 1626/1855/18 1458/1618/18
f 1458/1618/18 1626/1855/18 1627/1856/18 1459/1620/18
f 1459/1620/18 1627/1856/18 1628/1857/18 1460/1622/18
f 1460/1622/18 1628/1857/18 1629/1858/18 1461/1624/18
f 1831/1627/18 1852/1859/18 1630/1860/18 1462/1628/18
f 1738/1850/18 1739/1861/18 1631/1862/18 1623/1851/18
f 1814/1852/18 1815/1863/18 1632/1864/18 1624/1853/18
f 1624/1853/18 1632/1864/18 1633/1865/18 1625/1854/18
f 1625/1854/18 1633/1865/18 1634/1866/18 1626/1855/18
f 1626/1855/18 1634/1866/18 1635/1867/18 1627/1856/18
f 1627/1856/18 1635/1867/18 1636/1868/18 1628/1857/18
f 1628/1857/18 1636/1868/18 1637/1869/18 1629/1858/18
f 1852/1859/18 1853/1870/18 1638/1871/18 1630/1860/18
f 1739/1861/18 1740/1740/18 1639/1743/18 1631/1862/18
f 1815/1863/18 1816/1744/18 1640/1747/18 1632/1864/18
f 1632/1864/18 1640/1747/18 1641/1749/18 1633/1865/18
f 1633/1865/18 1641/1749/18 1642/1751/18 1634/1866/18
f 1634/1866/18 1642/1751/18 1643/1753/18 1635/1867/18
f 1635/1867/18 1643/1753/18 1644/1755/18 1636/1868/18
f 1636/1868/18 1644/1755/18 1645/1757/18 1637/1869/18
f 1853/1870/18 1854/1758/18 1646/1761/18 1638/1871/18
f 1721/1697/16 1741/1872/16 1647/1873/16 1487/1698/16
f 1797/1701/16 1817/1874/16 1648/1875/16 1488/1702/16
f 1488/1702/16 1648/1875/16 1649/1876/16 1489/1704/16
f 1489/1704/16 1649/1876/16 1650/1877/16 1490/1706/16
f 1490/1706/16 1650/1877/16 1651/1878/16 1491/1708/16
f 1491/1708/16 1651/1878/16 1652/1879/16 1492/1710/16
f 1492/1710/16 1652/1879/16 1653/1880/16 1493/1712/16
f 1835/1715/16 1855/1881/16 1654/1882/16 1494/1716/16
f 1741/1872/16 1742/1531/16 1655/1532/16 1647/1873/16
f 1817/1874/16 1818/1533/16 1656/1534/16 1648/1875/16
f 1648/1875/16 1656/1534/16 1657/1535/16 1649/1876/16
f 1649/1876/16 1657/1535/16 1658/1536/16 1650/1877/16
f 1650/1877/16 1658/1536/16 1659/1537/16 1651/1878/16
f 1651/1878/16 1659/1537/16 1660/1538/16 1652/1879/16
f 1652/1879/16 1660/1538/16 1661/1539/16 1653/1880/16
f 1855/1881/16 1856/1540/16 1662/1541/16 1654/1882/16
f 1713/1883/18 1743/1884/18 1663/1885/18 1423/1886/18
f 1789/1887/18 1819/1888/18 1664/1889/18 1424/1890/18
f 1424/1890/18 1664/1889/18 1665/1891/18 1425/1892/18
f 1425/1892/18 1665/1891/18 1666/1893/18 1426/1894/18
f 1426/1894/18 1666/1893/18 1667/1895/18 1427/1896/18
f 1427/1896/18 1667/1895/18 1668/1897/18 1428/1898/18
f 1428/1898/18 1668/1897/18 1669/1899/18 1429/1900/18
f 1827/1901/18 1857/1902/18 1670/1903/18 1430/1904/18
f 1743/1884/18 1744/1718/18 1671/1721/18 1663/1885/18
f 1819/1888/18 1820/1722/18 1672/1725/18 1664/1889/18
f 1664/1889/18 1672/1725/18 1673/1727/18 1665/1891/18
f 1665/1891/18 1673/1727/18 1674/1729/18 1666/1893/18
f 1666/1893/18 1674/1729/18 1675/1731/18 1667/1895/18
f 1667/1895/18 1675/1731/18 1676/1733/18 1668/1897/18
f 1668/1897/18 1676/1733/18 1677/1735/18 1669/1899/18
f 1857/1902/18 1858/1736/18 1678/1739/18 1670/1903/18
f 1723/1741/18 1745/1905/18 1679/1906/18 1503/1742/18
f 1799/1745/18 1821/1907/18 1680/1908/18 1504/1746/18
f 1504/1746/18 1680/1908/18 1681/1909/18 1505/1748/18
f 1505/1748/18 1681/1909/18 1682/1910/18 1506/1750/18
f 1506/1750/18 1682/1910/18 1683/1911/18 1507/1752/18
f 1507/1752/18 1683/1911/18 1684/1912/18 1508/1754/18
f 1508/1754/18 1684/1912/18 1685/1913/18 1509/1756/18
f 1837/1759/18 1859/1914/18 1686/1915/18 1510/1760/18
f 1745/1905/18 1746/1542/18 1687/1545/18 1679/1906/18
f 1821/1907/18 1822/1546/18 1688/1549/18 1680/1908/18
f 1680/1908/18 1688/1549/18 1689/1551/18 1681/1909/18
f 1681/1909/18 1689/1551/18 1690/1553/18 1682/1910/18
f 1682/1910/18 1690/1553/18 1691/1555/18 1683/1911/18
f 1683/1911/18 1691/1555/18 1692/1557/18 1684/1912/18
f 1684/1912/18 1692/1557/18 1693/1559/18 1685/1913/18
f 1859/1914/18 1860/1560/18 1694/1563/18 1686/1915/18
f 1712/1916/16 1747/1917/16 1695/1918/16 1415/1919/16
f 1788/1920/16 1823/1921/16 1696/1922/16 1416/1923/16
f 1416/1923/16 1696/1922/16 1697/1924/16 1417/1925/16
f 1417/1925/16 1697/1924/16 1698/1926/16 1418/1927/16
f 1418/1927/16 1698/1926/16 1699/1928/16 1419/1929/16
f 1419/1929/16 1699/1928/16 1700/1930/16 1420/1931/16
f 1420/1931/16 1700/1930/16 1701/1932/16 1421/1933/16
f 1826/1934/16 1861/1935/16 1702/1936/16 1422/1937/16
f 1747/1917/16 1748/1762/16 1703/1765/16 1695/1918/16
f 1823/1921/16 1824/1766/16 1704/1769/16 1696/1922/16
f 1696/1922/16 1704/1769/16 1705/1771/16 1697/1924/16
f 1697/1924/16 1705/1771/16 1706/1773/16 1698/1926/16
f 1698/1926/16 1706/1773/16 1707/1775/16 1699/1928/16
f 1699/1928/16 1707/1775/16 1708/1777/16 1700/1930/16
f 1700/1930/16 1708/1777/16 1709/1779/16 1701/1932/16
f 1861/1935/16 1862/1780/16 1710/1783/16 1702/1936/16
f 1867/1938/13 1168/1939/13 1712/1488/13 2133/1487/13
f 1877/1940/14 2142/1509/14 1714/1512/14 1172/1299/14
f 1394/1300/16 1172/1299/16 1714/1512/16 1742/1531/16
f 1400/1941/18 1167/1942/18 1711/1543/18 1746/1542/18
f 1364/1324/16 1184/1323/16 1715/1565/16 1727/1564/16
f 1359/1943/18 1183/1944/18 1716/1587/18 1725/1586/18
f 1363/1945/18 1187/1946/18 1717/1609/18 1728/1608/18
f 1384/1339/16 1188/1338/16 1718/1631/16 1737/1630/16
f 1360/1350/16 1192/1349/16 1719/1653/16 1726/1652/16
f 1369/1947/18 1191/1948/18 1720/1675/18 1731/1674/18
f 1370/1364/16 1196/1363/16 1721/1697/16 1734/1696/16
f 1391/1949/18 1195/1950/18 1722/1719/18 1744/1718/18
f 1379/1951/18 1199/1952/18 1723/1741/18 1740/1740/18
f 1401/1384/16 1200/1383/16 1724/1763/16 1748/1762/16
f 1191/1948/18 1359/1943/18 1725/1586/18 1720/1675/18
f 1184/1323/16 1360/1350/16 1726/1652/16 1715/1565/16
f 1188/1338/16 1364/1324/16 1727/1564/16 1718/1631/16
f 1183/1944/18 1363/1945/18 1728/1608/18 1716/1587/18
f 1195/1950/18 1367/1953/18 1729/1784/18 1722/1719/18
f 1367/1953/18 1368/1954/18 1730/1795/18 1729/1784/18
f 1368/1954/18 1369/1947/18 1731/1674/18 1730/1795/18
f 1192/1349/16 1372/1438/16 1732/1806/16 1719/1653/16
f 1372/1438/16 1371/1440/16 1733/1817/16 1732/1806/16
f 1371/1440/16 1370/1364/16 1734/1696/16 1733/1817/16
f 1200/1383/16 1382/1450/16 1735/1828/16 1724/1763/16
f 1382/1450/16 1383/1452/16 1736/1839/16 1735/1828/16
f 1383/1452/16 1384/1339/16 1737/1630/16 1736/1839/16
f 1187/1946/18 1381/1955/18 1738/1850/18 1717/1609/18
f 1381/1955/18 1380/1956/18 1739/1861/18 1738/1850/18
f 1380/1956/18 1379/1951/18 1740/1740/18 1739/1861/18
f 1196/1363/16 1393/1466/16 1741/1872/16 1721/1697/16
f 1393/1466/16 1394/1300/16 1742/1531/16 1741/1872/16
f 1171/1957/18 1392/1958/18 1743/1884/18 1713/1883/18
f 1392/1958/18 1391/1949/18 1744/1718/18 1743/1884/18
f 1199/1952/18 1399/1959/18 1745/1905/18 1723/1741/18
f 1399/1959/18 1400/1941/18 1746/1542/18 1745/1905/18
f 1168/1479/16 1402/1478/16 1747/1917/16 1712/1916/16
f 1402/1478/16 1401/1384/16 1748/1762/16 1747/1917/16
f 2088/1508/13 1422/1507/13 1750/1290/13 2143/1289/13
f 2132/1528/14 2152/1293/14 1752/1296/14 1438/1529/14
f 1662/1541/16 1438/1529/16 1752/1296/16 1780/1301/16
f 1694/1563/18 1414/1562/18 1749/1307/18 1784/1306/18
f 1542/1585/16 1446/1584/16 1753/1326/16 1765/1325/16
f 1526/1607/18 1454/1606/18 1754/1333/18 1763/1332/18
f 1550/1629/18 1462/1628/18 1755/1335/18 1766/1334/18
f 1622/1651/16 1470/1650/16 1756/1341/16 1775/1340/16
f 1534/1673/16 1478/1672/16 1757/1352/16 1764/1351/16
f 1574/1695/18 1486/1694/18 1758/1359/18 1769/1358/18
f 1598/1717/16 1494/1716/16 1759/1366/16 1772/1365/16
f 1678/1739/18 1502/1738/18 1760/1374/18 1782/1373/18
f 1646/1761/18 1510/1760/18 1761/1378/18 1778/1377/18
f 1710/1783/16 1518/1782/16 1762/1386/16 1786/1385/16
f 1486/1694/18 1526/1607/18 1763/1332/18 1758/1359/18
f 1446/1584/16 1534/1673/16 1764/1351/16 1753/1326/16
f 1470/1650/16 1542/1585/16 1765/1325/16 1756/1341/16
f 1454/1606/18 1550/1629/18 1766/1334/18 1754/1333/18
f 1502/1738/18 1558/1794/18 1767/1433/18 1760/1374/18
f 1558/1794/18 1566/1805/18 1768/1435/18 1767/1433/18
f 1566/1805/18 1574/1695/18 1769/1358/18 1768/1435/18
f 1478/1672/16 1582/1816/16 1770/1441/16 1757/1352/16
f 1582/1816/16 1590/1827/16 1771/1443/16 1770/1441/16
f 1590/1827/16 1598/1717/16 1772/1365/16 1771/1443/16
f 1518/1782/16 1606/1838/16 1773/1453/16 1762/1386/16
f 1606/1838/16 1614/1849/16 1774/1455/16 1773/1453/16
f 1614/1849/16 1622/1651/16 1775/1340/16 1774/1455/16
f 1462/1628/18 1630/1860/18 1776/1461/18 1755/1335/18
f 1630/1860/18 1638/1871/18 1777/1463/18 1776/1461/18
f 1638/1871/18 1646/1761/18 1778/1377/18 1777/1463/18
f 1494/1716/16 1654/1882/16 1779/1467/16 1759/1366/16
f 1654/1882/16 1662/1541/16 1780/1301/16 1779/1467/16
f 1430/1904/18 1670/1903/18 1781/1472/18 1751/1471/18
f 1670/1903/18 1678/1739/18 1782/1373/18 1781/1472/18
f 1510/1760/18 1686/1915/18 1783/1474/18 1761/1378/18
f 1686/1915/18 1694/1563/18 1784/1306/18 1783/1474/18
f 1422/1937/16 1702/1936/16 1785/1481/16 1750/1480/16
f 1702/1936/16 1710/1783/16 1786/1385/16 1785/1481/16
f 2053/1490/13 1415/1489/13 1788/1492/13 2153/1491/13
f 2097/1510/14 2162/1513/14 1790/1516/14 1431/1511/14
f 1655/1532/16 1431/1511/16 1790/1516/16 1818/1533/16
f 1687/1545/18 1407/1544/18 1787/1547/18 1822/1546/18
f 1535/1567/16 1439/1566/16 1791/1569/16 1803/1568/16
f 1519/1589/18 1447/1588/18 1792/1591/18 1801/1590/18
f 1543/1611/18 1455/1610/18 1793/1613/18 1804/1612/18
f 1615/1633/16 1463/1632/16 1794/1635/16 1813/1634/16
f 1527/1655/16 1471/1654/16 1795/1657/16 1802/1656/16
f 1567/1677/18 1479/1676/18 1796/1679/18 1807/1678/18
f 1591/1699/16 1487/1698/16 1797/1701/16 1810/1700/16
f 1671/1721/18 1495/1720/18 1798/1723/18 1820/1722/18
f 1639/1743/18 1503/1742/18 1799/1745/18 1816/1744/18
f 1703/1765/16 1511/1764/16 1800/1767/16 1824/1766/16
f 1479/1676/18 1519/1589/18 1801/1590/18 1796/1679/18
f 1439/1566/16 1527/1655/16 1802/1656/16 1791/1569/16
f 1463/1632/16 1535/1567/16 1803/1568/16 1794/1635/16
f 1447/1588/18 1543/1611/18 1804/1612/18 1792/1591/18
f 1495/1720/18 1551/1785/18 1805/1786/18 1798/1723/18
f 1551/1785/18 1559/1796/18 1806/1797/18 1805/1786/18
f 1559/1796/18 1567/1677/18 1807/1678/18 1806/1797/18
f 1471/1654/16 1575/1807/16 1808/1808/16 1795/1657/16
f 1575/1807/16 1583/1818/16 1809/1819/16 1808/1808/16
f 1583/1818/16 1591/1699/16 1810/1700/16 1809/1819/16
f 1511/1764/16 1599/1829/16 1811/1830/16 1800/1767/16
f 1599/1829/16 1607/1840/16 1812/1841/16 1811/1830/16
f 1607/1840/16 1615/1633/16 1813/1634/16 1812/1841/16
f 1455/1610/18 1623/1851/18 1814/1852/18 1793/1613/18
f 1623/1851/18 1631/1862/18 1815/1863/18 1814/1852/18
f 1631/1862/18 1639/1743/18 1816/1744/18 1815/1863/18
f 1487/1698/16 1647/1873/16 1817/1874/16 1797/1701/16
f 1647/1873/16 1655/1532/16 1818/1533/16 1817/1874/16
f 1423/1886/18 1663/1885/18 1819/1888/18 1789/1887/18
f 1663/1885/18 1671/1721/18 1820/1722/18 1819/1888/18
f 1503/1742/18 1679/1906/18 1821/1907/18 1799/1745/18
f 1679/1906/18 1687/1545/18 1822/1546/18 1821/1907/18
f 1415/1919/16 1695/1918/16 1823/1921/16 1788/1920/16
f 1695/1918/16 1703/1765/16 1824/1766/16 1823/1921/16
f 2083/1504/13 1421/1503/13 1826/1506/13 2163/1505/13
f 2127/1525/14 2172/1527/14 1828/1530/14 1437/1526/14
f 1661/1539/16 1437/1526/16 1828/1530/16 1856/1540/16
f 1693/1559/18 1413/1558/18 1825/1561/18 1860/1560/18
f 1541/1581/16 1445/1580/16 1829/1583/16 1841/1582/16
f 1525/1603/18 1453/1602/18 1830/1605/18 1839/1604/18
f 1549/1625/18 1461/1624/18 1831/1627/18 1842/1626/18
f 1621/1647/16 1469/1646/16 1832/1649/16 1851/1648/16
f 1533/1669/16 1477/1668/16 1833/1671/16 1840/1670/16
f 1573/1691/18 1485/1690/18 1834/1693/18 1845/1692/18
f 1597/1713/16 1493/1712/16 1835/1715/16 1848/1714/16
f 1677/1735/18 1501/1734/18 1836/1737/18 1858/1736/18
f 1645/1757/18 1509/1756/18 1837/1759/18 1854/1758/18
f 1709/1779/16 1517/1778/16 1838/1781/16 1862/1780/16
f 1485/1690/18 1525/1603/18 1839/1604/18 1834/1693/18
f 1445/1580/16 1533/1669/16 1840/1670/16 1829/1583/16
f 1469/1646/16 1541/1581/16 1841/1582/16 1832/1649/16
f 1453/1602/18 1549/1625/18 1842/1626/18 1830/1605/18
f 1501/1734/18 1557/1792/18 1843/1793/18 1836/1737/18
f 1557/1792/18 1565/1803/18 1844/1804/18 1843/1793/18
f 1565/1803/18 1573/1691/18 1845/1692/18 1844/1804/18
f 1477/1668/16 1581/1814/16 1846/1815/16 1833/1671/16
f 1581/1814/16 1589/1825/16 1847/1826/16 1846/1815/16
f 1589/1825/16 1597/1713/16 1848/1714/16 1847/1826/16
f 1517/1778/16 1605/1836/16 1849/1837/16 1838/1781/16
f 1605/1836/16 1613/1847/16 1850/1848/16 1849/1837/16
f 1613/1847/16 1621/1647/16 1851/1648/16 1850/1848/16
f 1461/1624/18 1629/1858/18 1852/1859/18 1831/1627/18
f 1629/1858/18 1637/1869/18 1853/1870/18 1852/1859/18
f 1637/1869/18 1645/1757/18 1854/1758/18 1853/1870/18
f 1493/1712/16 1653/1880/16 1855/1881/16 1835/1715/16
f 1653/1880/16 1661/1539/16 1856/1540/16 1855/1881/16
f 1429/1900/18 1669/1899/18 1857/1902/18 1827/1901/18
f 1669/1899/18 1677/1735/18 1858/1736/18 1857/1902/18
f 1509/1756/18 1685/1913/18 1859/1914/18 1837/1759/18
f 1685/1913/18 1693/1559/18 1860/1560/18 1859/1914/18
f 1421/1933/16 1701/1932/16 1861/1935/16 1826/1934/16
f 1701/1932/16 1709/1779/16 1862/1780/16 1861/1935/16
f 1749/1960/13 2147/1961/13 1872/1940/13 1170/1299/13
f 2147/1961/13 2146/1962/13 1871/1963/13 1872/1940/13
f 2146/1962/13 2145/1964/13 1870/1965/13 1871/1963/13
f 2145/1964/13 2144/1966/13 1869/1967/13 1870/1965/13
f 2144/1966/13 2143/1289/13 1868/1292/13 1869/1967/13
f 1751/1968/14 1174/1969/14 1882/1970/14 2148/1971/14
f 2148/1971/14 1882/1970/14 1881/1972/14 2149/1973/14
f 2149/1973/14 1881/1972/14 1880/1974/14 2150/1975/14
f 2150/1975/14 1880/1974/14 1879/1976/14 2151/1977/14
f 2151/1977/14 1879/1976/14 1878/1294/14 2152/1293/14
f 1392/1958/15 1171/1957/15 1873/1978/15 2018/1979/15
f 2018/1979/15 1873/1978/15 1874/1980/15 2019/1981/15
f 2019/1981/15 1874/1980/15 1875/1982/15 2020/1983/15
f 2020/1983/15 1875/1982/15 1876/1984/15 2021/1985/15
f 2021/1985/15 1876/1984/15 1877/1298/15 2022/1297/15
f 1396/1302/17 1173/1295/17 1878/1986/17 2028/1987/17
f 2028/1987/17 1878/1986/17 1879/1988/17 2029/1989/17
f 2029/1989/17 1879/1988/17 1880/1990/17 2030/1991/17
f 2030/1991/17 1880/1990/17 1881/1992/17 2031/1993/17
f 2031/1993/17 1881/1992/17 1882/1304/17 2032/1303/17
f 1363/1945/15 1183/1944/15 1883/1994/15 1943/1995/15
f 1943/1995/15 1883/1994/15 1884/1996/15 1944/1997/15
f 1944/1997/15 1884/1996/15 1885/1998/15 1945/1999/15
f 1945/1999/15 1885/1998/15 1886/2000/15 1946/2001/15
f 1946/2001/15 1886/2000/15 1887/1322/15 1947/1321/15
f 1365/1328/17 1185/1327/17 1888/2002/17 1948/2003/17
f 1948/2003/17 1888/2002/17 1889/2004/17 1949/2005/17
f 1949/2005/17 1889/2004/17 1890/2006/17 1950/2007/17
f 1950/2007/17 1890/2006/17 1891/2008/17 1951/2009/17
f 1951/2009/17 1891/2008/17 1892/1330/17 1952/1329/17
f 1381/1955/15 1187/1946/15 1893/2010/15 1993/2011/15
f 1993/2011/15 1893/2010/15 1894/2012/15 1994/2013/15
f 1994/2013/15 1894/2012/15 1895/2014/15 1995/2015/15
f 1995/2015/15 1895/2014/15 1896/2016/15 1996/2017/15
f 1996/2017/15 1896/2016/15 1897/1337/15 1997/1336/15
f 1387/1343/17 1189/1342/17 1898/2018/17 2008/2019/17
f 2008/2019/17 1898/2018/17 1899/2020/17 2009/2021/17
f 2009/2021/17 1899/2020/17 1900/2022/17 2010/2023/17
f 2010/2023/17 1900/2022/17 1901/2024/17 2011/2025/17
f 2011/2025/17 1901/2024/17 1902/1345/17 2012/1344/17
f 1359/1943/15 1191/1948/15 1903/2026/15 1933/2027/15
f 1933/2027/15 1903/2026/15 1904/2028/15 1934/2029/15
f 1934/2029/15 1904/2028/15 1905/2030/15 1935/2031/15
f 1935/2031/15 1905/2030/15 1906/2032/15 1936/2033/15
f 1936/2033/15 1906/2032/15 1907/1348/15 1937/1347/15
f 1361/1354/17 1193/1353/17 1908/2034/17 1938/2035/17
f 1938/2035/17 1908/2034/17 1909/2036/17 1939/2037/17
f 1939/2037/17 1909/2036/17 1910/2038/17 1940/2039/17
f 1940/2039/17 1910/2038/17 1911/2040/17 1941/2041/17
f 1941/2041/17 1911/2040/17 1912/1356/17 1942/1355/17
f 1367/1953/15 1195/1950/15 1913/2042/15 1963/2043/15
f 1963/2043/15 1913/2042/15 1914/2044/15 1964/2045/15
f 1964/2045/15 1914/2044/15 1915/2046/15 1965/2047/15
f 1965/2047/15 1915/2046/15 1916/2048/15 1966/2049/15
f 1966/2049/15 1916/2048/15 1917/1362/15 1967/1361/15
f 1373/1368/17 1197/1367/17 1918/2050/17 1978/2051/17
f 1978/2051/17 1918/2050/17 1919/2052/17 1979/2053/17
f 1979/2053/17 1919/2052/17 1920/2054/17 1980/2055/17
f 1980/2055/17 1920/2054/17 1921/2056/17 1981/2057/17
f 1981/2057/17 1921/2056/17 1922/1370/17 1982/1369/17
f 1399/1959/15 1199/1952/15 1923/2058/15 2038/2059/15
f 2038/2059/15 1923/2058/15 1924/2060/15 2039/2061/15
f 2039/2061/15 1924/2060/15 1925/2062/15 2040/2063/15
f 2040/2063/15 1925/2062/15 1926/2064/15 2041/2065/15
f 2041/2065/15 1926/2064/15 1927/1382/15 2042/1381/15
f 1403/1388/17 1201/1387/17 1928/2066/17 2048/2067/17
f 2048/2067/17 1928/2066/17 1929/2068/17 2049/2069/17
f 2049/2069/17 1929/2068/17 1930/2070/17 2050/2071/17
f 2050/2071/17 1930/2070/17 1931/2072/17 2051/2073/17
f 2051/2073/17 1931/2072/17 1932/1390/17 2052/1389/17
f 1183/1944/15 1359/1943/15 1933/2027/15 1883/1994/15
f 1883/1994/15 1933/2027/15 1934/2029/15 1884/1996/15
f 1884/1996/15 1934/2029/15 1935/2031/15 1885/1998/15
f 1885/1998/15 1935/2031/15 1936/2033/15 1886/2000/15
f 1886/2000/15 1936/2033/15 1937/1347/15 1887/1322/15
f 1185/1327/17 1361/1354/17 1938/2035/17 1888/2002/17
f 1888/2002/17 1938/2035/17 1939/2037/17 1889/2004/17
f 1889/2004/17 1939/2037/17 1940/2039/17 1890/2006/17
f 1890/2006/17 1940/2039/17 1941/2041/17 1891/2008/17
f 1891/2008/17 1941/2041/17 1942/1355/17 1892/1330/17
f 1187/1946/15 1363/1945/15 1943/1995/15 1893/2010/15
f 1893/2010/15 1943/1995/15 1944/1997/15 1894/2012/15
f 1894/2012/15 1944/1997/15 1945/1999/15 1895/2014/15
f 1895/2014/15 1945/1999/15 1946/2001/15 1896/2016/15
f 1896/2016/15 1946/2001/15 1947/1321/15 1897/1337/15
f 1189/1342/17 1365/1328/17 1948/2003/17 1898/2018/17
f 1898/2018/17 1948/2003/17 1949/2005/17 1899/2020/17
f 1899/2020/17 1949/2005/17 1950/2007/17 1900/2022/17
f 1900/2022/17 1950/2007/17 1951/2009/17 1901/2024/17
f 1901/2024/17 1951/2009/17 1952/1329/17 1902/1345/17
f 1191/1948/15 1369/1947/15 1953/2074/15 1903/2026/15
f 1903/2026/15 1953/2074/15 1954/2075/15 1904/2028/15
f 1904/2028/15 1954/2075/15 1955/2076/15 1905/2030/15
f 1905/2030/15 1955/2076/15 1956/2077/15 1906/2032/15
f 1906/2032/15 1956/2077/15 1957/1437/15 1907/1348/15
f 1369/1947/15 1368/1954/15 1958/2078/15 1953/2074/15
f 1953/2074/15 1958/2078/15 1959/2079/15 1954/2075/15
f 1954/2075/15 1959/2079/15 1960/2080/15 1955/2076/15
f 1955/2076/15 1960/2080/15 1961/2081/15 1956/2077/15
f 1956/2077/15 1961/2081/15 1962/1439/15 1957/1437/15
f 1368/1954/15 1367/1953/15 1963/2043/15 1958/2078/15
f 1958/2078/15 1963/2043/15 1964/2045/15 1959/2079/15
f 1959/2079/15 1964/2045/15 1965/2047/15 1960/2080/15
f 1960/2080/15 1965/2047/15 1966/2049/15 1961/2081/15
f 1961/2081/15 1966/2049/15 1967/1361/15 1962/1439/15
f 1193/1353/17 1375/1442/17 1968/2082/17 1908/2034/17
f 1908/2034/17 1968/2082/17 1969/2083/17 1909/2036/17
f 1909/2036/17 1969/2083/17 1970/2084/17 1910/2038/17
f 1910/2038/17 1970/2084/17 1971/2085/17 1911/2040/17
f 1911/2040/17 1971/2085/17 1972/1445/17 1912/1356/17
f 1375/1442/17 1374/1444/17 1973/2086/17 1968/2082/17
f 1968/2082/17 1973/2086/17 1974/2087/17 1969/2083/17
f 1969/2083/17 1974/2087/17 1975/2088/17 1970/2084/17
f 1970/2084/17 1975/2088/17 1976/2089/17 1971/2085/17
f 1971/2085/17 1976/2089/17 1977/1447/17 1972/1445/17
f 1374/1444/17 1373/1368/17 1978/2051/17 1973/2086/17
f 1973/2086/17 1978/2051/17 1979/2053/17 1974/2087/17
f 1974/2087/17 1979/2053/17 1980/2055/17 1975/2088/17
f 1975/2088/17 1980/2055/17 1981/2057/17 1976/2089/17
f 1976/2089/17 1981/2057/17 1982/1369/17 1977/1447/17
f 1199/1952/15 1379/1951/15 1983/2090/15 1923/2058/15
f 1923/2058/15 1983/2090/15 1984/2091/15 1924/2060/15
f 1924/2060/15 1984/2091/15 1985/2092/15 1925/2062/15
f 1925/2062/15 1985/2092/15 1986/2093/15 1926/2064/15
f 1926/2064/15 1986/2093/15 1987/1449/15 1927/1382/15
f 1379/1951/15 1380/1956/15 1988/2094/15 1983/2090/15
f 1983/2090/15 1988/2094/15 1989/2095/15 1984/2091/15
f 1984/2091/15 1989/2095/15 1990/2096/15 1985/2092/15
f 1985/2092/15 1990/2096/15 1991/2097/15 1986/2093/15
f 1986/2093/15 1991/2097/15 1992/1451/15 1987/1449/15
f 1380/1956/15 1381/1955/15 1993/2011/15 1988/2094/15
f 1988/2094/15 1993/2011/15 1994/2013/15 1989/2095/15
f 1989/2095/15 1994/2013/15 1995/2015/15 1990/2096/15
f 1990/2096/15 1995/2015/15 1996/2017/15 1991/2097/15
f 1991/2097/15 1996/2017/15 1997/1336/15 1992/1451/15
f 1201/1387/17 1385/1454/17 1998/2098/17 1928/2066/17
f 1928/2066/17 1998/2098/17 1999/2099/17 1929/2068/17
f 1929/2068/17 1999/2099/17 2000/2100/17 1930/2070/17
f 1930/2070/17 2000/2100/17 2001/2101/17 1931/2072/17
f 1931/2072/17 2001/2101/17 2002/1457/17 1932/1390/17
f 1385/1454/17 1386/1456/17 2003/2102/17 1998/2098/17
f 1998/2098/17 2003/2102/17 2004/2103/17 1999/2099/17
f 1999/2099/17 2004/2103/17 2005/2104/17 2000/2100/17
f 2000/2100/17 2005/2104/17 2006/2105/17 2001/2101/17
f 2001/2101/17 2006/2105/17 2007/1459/17 2002/1457/17
f 1386/1456/17 1387/1343/17 2008/2019/17 2003/2102/17
f 2003/2102/17 2008/2019/17 2009/2021/17 2004/2103/17
f 2004/2103/17 2009/2021/17 2010/2023/17 2005/2104/17
f 2005/2104/17 2010/2023/17 2011/2025/17 2006/2105/17
f 2006/2105/17 2011/2025/17 2012/1344/17 2007/1459/17
f 1195/1950/15 1391/1949/15 2013/2106/15 1913/2042/15
f 1913/2042/15 2013/2106/15 2014/2107/15 1914/2044/15
f 1914/2044/15 2014/2107/15 2015/2108/15 1915/2046/15
f 1915/2046/15 2015/2108/15 2016/2109/15 1916/2048/15
f 1916/2048/15 2016/2109/15 2017/1465/15 1917/1362/15
f 1391/1949/15 1392/1958/15 2018/1979/15 2013/2106/15
f 2013/2106/15 2018/1979/15 2019/1981/15 2014/2107/15
f 2014/2107/15 2019/1981/15 2020/1983/15 2015/2108/15
f 2015/2108/15 2020/1983/15 2021/1985/15 2016/2109/15
f 2016/2109/15 2021/1985/15 2022/1297/15 2017/1465/15
f 1197/1367/17 1395/1468/17 2023/2110/17 1918/2050/17
f 1918/2050/17 2023/2110/17 2024/2111/17 1919/2052/17
f 1919/2052/17 2024/2111/17 2025/2112/17 1920/2054/17
f 1920/2054/17 2025/2112/17 2026/2113/17 1921/2056/17
f 1921/2056/17 2026/2113/17 2027/1469/17 1922/1370/17
f 1395/1468/17 1396/1302/17 2028/1987/17 2023/2110/17
f 2023/2110/17 2028/1987/17 2029/1989/17 2024/2111/17
f 2024/2111/17 2029/1989/17 2030/1991/17 2025/2112/17
f 2025/2112/17 2030/1991/17 2031/1993/17 2026/2113/17
f 2026/2113/17 2031/1993/17 2032/1303/17 2027/1469/17
f 1167/1942/15 1400/1941/15 2033/2114/15 1863/2115/15
f 1863/2115/15 2033/2114/15 2034/2116/15 1864/2117/15
f 1864/2117/15 2034/2116/15 2035/2118/15 1865/2119/15
f 1865/2119/15 2035/2118/15 2036/2120/15 1866/2121/15
f 1866/2121/15 2036/2120/15 2037/1477/15 1867/1476/15
f 1400/1941/15 1399/1959/15 2038/2059/15 2033/2114/15
f 2033/2114/15 2038/2059/15 2039/2061/15 2034/2116/15
f 2034/2116/15 2039/2061/15 2040/2063/15 2035/2118/15
f 2035/2118/15 2040/2063/15 2041/2065/15 2036/2120/15
f 2036/2120/15 2041/2065/15 2042/1381/15 2037/1477/15
f 1169/1483/17 1404/1482/17 2043/2122/17 1868/2123/17
f 1868/2123/17 2043/2122/17 2044/2124/17 1869/2125/17
f 1869/2125/17 2044/2124/17 2045/2126/17 1870/2127/17
f 1870/2127/17 2045/2126/17 2046/2128/17 1871/2129/17
f 1871/2129/17 2046/2128/17 2047/1485/17 1872/1484/17
f 1404/1482/17 1403/1388/17 2048/2067/17 2043/2122/17
f 2043/2122/17 2048/2067/17 2049/2069/17 2044/2124/17
f 2044/2124/17 2049/2069/17 2050/2071/17 2045/2126/17
f 2045/2126/17 2050/2071/17 2051/2073/17 2046/2128/17
f 2046/2128/17 2051/2073/17 2052/1389/17 2047/1485/17
f 1711/1894/13 2137/2130/13 2057/2131/13 1407/2132/13
f 2137/2130/13 2136/2133/13 2056/2134/13 2057/2131/13
f 2136/2133/13 2135/2135/13 2055/2136/13 2056/2134/13
f 2135/2135/13 2134/2137/13 2054/2138/13 2055/2136/13
f 2134/2137/13 2133/1487/13 2053/1490/13 2054/2138/13
f 1787/2139/13 2157/2140/13 2062/2141/13 1408/2142/13
f 2157/2140/13 2156/2143/13 2061/2144/13 2062/2141/13
f 2156/2143/13 2155/2145/13 2060/2146/13 2061/2144/13
f 2155/2145/13 2154/2147/13 2059/2148/13 2060/2146/13
f 2154/2147/13 2153/1491/13 2058/1494/13 2059/2148/13
f 1408/2142/13 2062/2141/13 2067/2149/13 1409/2150/13
f 2062/2141/13 2061/2144/13 2066/2151/13 2067/2149/13
f 2061/2144/13 2060/2146/13 2065/2152/13 2066/2151/13
f 2060/2146/13 2059/2148/13 2064/2153/13 2065/2152/13
f 2059/2148/13 2058/1494/13 2063/1496/13 2064/2153/13
f 1409/2150/13 2067/2149/13 2072/2154/13 1410/1883/13
f 2067/2149/13 2066/2151/13 2071/2155/13 2072/2154/13
f 2066/2151/13 2065/2152/13 2070/2156/13 2071/2155/13
f 2065/2152/13 2064/2153/13 2069/2157/13 2070/2156/13
f 2064/2153/13 2063/1496/13 2068/1498/13 2069/2157/13
f 1410/1883/13 2072/2154/13 2077/2158/13 1411/2159/13
f 2072/2154/13 2071/2155/13 2076/2160/13 2077/2158/13
f 2071/2155/13 2070/2156/13 2075/2161/13 2076/2160/13
f 2070/2156/13 2069/2157/13 2074/2162/13 2075/2161/13
f 2069/2157/13 2068/1498/13 2073/1500/13 2074/2162/13
f 1411/2159/13 2077/2158/13 2082/2163/13 1412/1980/13
f 2077/2158/13 2076/2160/13 2081/2164/13 2082/2163/13
f 2076/2160/13 2075/2161/13 2080/2165/13 2081/2164/13
f 2075/2161/13 2074/2162/13 2079/2166/13 2080/2165/13
f 2074/2162/13 2073/1500/13 2078/1502/13 2079/2166/13
f 1412/1980/13 2082/2163/13 2087/2167/13 1413/2168/13
f 2082/2163/13 2081/2164/13 2086/2169/13 2087/2167/13
f 2081/2164/13 2080/2165/13 2085/2170/13 2086/2169/13
f 2080/2165/13 2079/2166/13 2084/2171/13 2085/2170/13
f 2079/2166/13 2078/1502/13 2083/1504/13 2084/2171/13
f 1825/1984/13 2167/2172/13 2092/2173/13 1414/2174/13
f 2167/2172/13 2166/2175/13 2091/2176/13 2092/2173/13
f 2166/2175/13 2165/2177/13 2090/2178/13 2091/2176/13
f 2165/2177/13 2164/2179/13 2089/2180/13 2090/2178/13
f 2164/2179/13 2163/1505/13 2088/1508/13 2089/2180/13
f 1713/2181/14 1423/2182/14 2093/2183/14 2138/2184/14
f 2138/2184/14 2093/2183/14 2094/2185/14 2139/2186/14
f 2139/2186/14 2094/2185/14 2095/2187/14 2140/2188/14
f 2140/2188/14 2095/2187/14 2096/2189/14 2141/2190/14
f 2141/2190/14 2096/2189/14 2097/1510/14 2142/1509/14
f 1789/2191/14 1424/2192/14 2098/2193/14 2158/2194/14
f 2158/2194/14 2098/2193/14 2099/2195/14 2159/2196/14
f 2159/2196/14 2099/2195/14 2100/2197/14 2160/2198/14
f 2160/2198/14 2100/2197/14 2101/2199/14 2161/2200/14
f 2161/2200/14 2101/2199/14 2102/1514/14 2162/1513/14
f 1424/2192/14 1425/2201/14 2103/2202/14 2098/2193/14
f 2098/2193/14 2103/2202/14 2104/2203/14 2099/2195/14
f 2099/2195/14 2104/2203/14 2105/2204/14 2100/2197/14
f 2100/2197/14 2105/2204/14 2106/2205/14 2101/2199/14
f 2101/2199/14 2106/2205/14 2107/1517/14 2102/1514/14
f 1425/2201/14 1426/2206/14 2108/2207/14 2103/2202/14
f 2103/2202/14 2108/2207/14 2109/2208/14 2104/2203/14
f 2104/2203/14 2109/2208/14 2110/2209/14 2105/2204/14
f 2105/2204/14 2110/2209/14 2111/2210/14 2106/2205/14
f 2106/2205/14 2111/2210/14 2112/1519/14 2107/1517/14
f 1426/2206/14 1427/2211/14 2113/2212/14 2108/2207/14
f 2108/2207/14 2113/2212/14 2114/2213/14 2109/2208/14
f 2109/2208/14 2114/2213/14 2115/2214/14 2110/2209/14
f 2110/2209/14 2115/2214/14 2116/2215/14 2111/2210/14
f 2111/2210/14 2116/2215/14 2117/1521/14 2112/1519/14
f 1427/2211/14 1428/2216/14 2118/2217/14 2113/2212/14
f 2113/2212/14 2118/2217/14 2119/2218/14 2114/2213/14
f 2114/2213/14 2119/2218/14 2120/2219/14 2115/2214/14
f 2115/2214/14 2120/2219/14 2121/2220/14 2116/2215/14
f 2116/2215/14 2121/2220/14 2122/1523/14 2117/1521/14
f 1428/2216/14 1429/2221/14 2123/2222/14 2118/2217/14
f 2118/2217/14 2123/2222/14 2124/2223/14 2119/2218/14
f 2119/2218/14 2124/2223/14 2125/2224/14 2120/2219/14
f 2120/2219/14 2125/2224/14 2126/2225/14 2121/2220/14
f 2121/2220/14 2126/2225/14 2127/1525/14 2122/1523/14
f 1827/2226/14 1430/2227/14 2128/2228/14 2168/2229/14
f 2168/2229/14 2128/2228/14 2129/2230/14 2169/2231/14
f 2169/2231/14 2129/2230/14 2130/2232/14 2170/2233/14
f 2170/2233/14 2130/2232/14 2131/2234/14 2171/2235/14
f 2171/2235/14 2131/2234/14 2132/1528/14 2172/1527/14
f 1167/2236/13 1863/2237/13 2137/2130/13 1711/1894/13
f 1863/2237/13 1864/2238/13 2136/2133/13 2137/2130/13
f 1864/2238/13 1865/2239/13 2135/2135/13 2136/2133/13
f 1865/2239/13 1866/2240/13 2134/2137/13 2135/2135/13
f 1866/2240/13 1867/1938/13 2133/1487/13 2134/2137/13
f 1171/1291/14 1713/2181/14 2138/2184/14 1873/1292/14
f 1873/1292/14 2138/2184/14 2139/2186/14 1874/1967/14
f 1874/1967/14 2139/2186/14 2140/2188/14 1875/1965/14
f 1875/1965/14 2140/2188/14 2141/2190/14 1876/1963/14
f 1876/1963/14 2141/2190/14 2142/1509/14 1877/1940/14
f 1414/2174/13 2092/2173/13 2147/1961/13 1749/1960/13
f 2092/2173/13 2091/2176/13 2146/1962/13 2147/1961/13
f 2091/2176/13 2090/2178/13 2145/1964/13 2146/1962/13
f 2090/2178/13 2089/2180/13 2144/1966/13 2145/1964/13
f 2089/2180/13 2088/1508/13 2143/1289/13 2144/1966/13
f 1430/2227/14 1751/1968/14 2148/1971/14 2128/2228/14
f 2128/2228/14 2148/1971/14 2149/1973/14 2129/2230/14
f 2129/2230/14 2149/1973/14 2150/1975/14 2130/2232/14
f 2130/2232/14 2150/1975/14 2151/1977/14 2131/2234/14
f 2131/2234/14 2151/1977/14 2152/1293/14 2132/1528/14
f 1407/2132/13 2057/2131/13 2157/2140/13 1787/2139/13
f 2057/2131/13 2056/2134/13 2156/2143/13 2157/2140/13
f 2056/2134/13 2055/2136/13 2155/2145/13 2156/2143/13
f 2055/2136/13 2054/2138/13 2154/2147/13 2155/2145/13
f 2054/2138/13 2053/1490/13 2153/1491/13 2154/2147/13
f 1423/2182/14 1789/2191/14 2158/2194/14 2093/2183/14
f 2093/2183/14 2158/2194/14 2159/2196/14 2094/2185/14
f 2094/2185/14 2159/2196/14 2160/2198/14 2095/2187/14
f 2095/2187/14 2160/2198/14 2161/2200/14 2096/2189/14
f 2096/2189/14 2161/2200/14 2162/1513/14 2097/1510/14
f 1413/2168/13 2087/2167/13 2167/2172/13 1825/1984/13
f 2087/2167/13 2086/2169/13 2166/2175/13 2167/2172/13
f 2086/2169/13 2085/2170/13 2165/2177/13 2166/2175/13
f 2085/2170/13 2084/2171/13 2164/2179/13 2165/2177/13
f 2084/2171/13 2083/1504/13 2163/1505/13 2164/2179/13
f 1429/2221/14 1827/2226/14 2168/2229/14 2123/2222/14
f 2123/2222/14 2168/2229/14 2169/2231/14 2124/2223/14
f 2124/2223/14 2169/2231/14 2170/2233/14 2125/2224/14
f 2125/2224/14 2170/2233/14 2171/2235/14 2126/2225/14
f 2126/2225/14 2171/2235/14 2172/1527/14 2127/1525/14
